-- MySQL dump 10.13  Distrib 5.1.73, for redhat-linux-gnu (x86_64)
--
-- Host: 172.16.3.97    Database: aGameMobileConfig_sgk
-- ------------------------------------------------------
-- Server version	5.5.40-0ubuntu0.14.04.1

/*!40101 SET @OLD_CHARACTER_SET_CLIENT=@@CHARACTER_SET_CLIENT */;
/*!40101 SET @OLD_CHARACTER_SET_RESULTS=@@CHARACTER_SET_RESULTS */;
/*!40101 SET @OLD_COLLATION_CONNECTION=@@COLLATION_CONNECTION */;
/*!40101 SET NAMES utf8 */;
/*!40103 SET @OLD_TIME_ZONE=@@TIME_ZONE */;
/*!40103 SET TIME_ZONE='+00:00' */;
/*!40014 SET @OLD_UNIQUE_CHECKS=@@UNIQUE_CHECKS, UNIQUE_CHECKS=0 */;
/*!40014 SET @OLD_FOREIGN_KEY_CHECKS=@@FOREIGN_KEY_CHECKS, FOREIGN_KEY_CHECKS=0 */;
/*!40101 SET @OLD_SQL_MODE=@@SQL_MODE, SQL_MODE='NO_AUTO_VALUE_ON_ZERO' */;
/*!40111 SET @OLD_SQL_NOTES=@@SQL_NOTES, SQL_NOTES=0 */;

--
-- Table structure for table `product`
--

DROP TABLE IF EXISTS `product`;
/*!40101 SET @saved_cs_client     = @@character_set_client */;
/*!40101 SET character_set_client = utf8 */;
CREATE TABLE `product` (
  `gid` int(255) DEFAULT NULL,
  `shop_type` int(255) DEFAULT NULL,
  `vip_min` int(255) DEFAULT NULL,
  `vip_max` int(255) DEFAULT NULL,
  `vip_extra` int(255) DEFAULT NULL,
  `player_lv_min` int(255) DEFAULT NULL,
  `player_lv_max` int(255) DEFAULT NULL,
  `product_item_type` int(255) DEFAULT NULL,
  `product_item_id` int(255) DEFAULT NULL,
  `product_item_value` int(255) DEFAULT NULL,
  `consume_item_type` int(255) DEFAULT NULL,
  `consume_item_id` int(255) DEFAULT NULL,
  `consume_item_value` int(255) DEFAULT NULL,
  `begin_time` datetime DEFAULT NULL,
  `end_time` datetime DEFAULT NULL,
  `is_active` int(255) DEFAULT NULL,
  `storage` int(255) DEFAULT NULL,
  `special_flag` int(255) DEFAULT NULL,
  `original_price` int(255) DEFAULT NULL,
  `discount` int(255) DEFAULT NULL,
  `weight` int(255) DEFAULT NULL,
  `consume1_item_type` int(255) DEFAULT NULL,
  `consume1_item_id` int(255) DEFAULT NULL,
  `consume1_item_value` int(255) DEFAULT NULL
) ENGINE=InnoDB DEFAULT CHARSET=latin1;
/*!40101 SET character_set_client = @saved_cs_client */;

--
-- Dumping data for table `product`
--

LOCK TABLES `product` WRITE;
/*!40000 ALTER TABLE `product` DISABLE KEYS */;
INSERT INTO `product` VALUES (1010001,1,1,12,0,1,999,45,81001,1,41,90002,1000,'2016-07-06 04:58:00','2026-07-06 04:58:00',1,100,0,0,100,0,0,0,0),
(1010002,1,1,12,0,1,999,45,81002,1,41,90002,2000,'2016-07-06 04:58:00','2026-07-06 04:58:00',1,100,0,0,100,0,0,0,0),
(1010003,1,1,12,0,1,999,45,81003,1,41,90002,3000,'2016-07-06 04:58:00','2026-07-06 04:58:00',1,100,0,0,100,0,0,0,0),
(1010004,1,1,12,0,1,999,45,81004,1,41,90002,4000,'2016-07-06 04:58:00','2026-07-06 04:58:00',1,100,0,0,100,0,0,0,0),
(1010005,1,1,12,0,1,999,45,81005,1,41,90002,5000,'2016-07-06 04:58:00','2026-07-06 04:58:00',1,100,0,0,100,0,0,0,0),
(1010006,1,1,12,0,1,999,45,82001,1,41,90002,1000,'2016-07-06 04:58:00','2026-07-06 04:58:00',1,100,0,0,100,0,0,0,0),
(1010007,1,1,12,0,1,999,45,82002,1,41,90002,2000,'2016-07-06 04:58:00','2026-07-06 04:58:00',1,100,0,0,100,0,0,0,0),
(1010008,1,1,12,0,1,999,45,82003,1,41,90002,3000,'2016-07-06 04:58:00','2026-07-06 04:58:00',1,100,0,0,100,0,0,0,0),
(1010009,1,1,12,0,1,999,45,82004,1,41,90002,4000,'2016-07-06 04:58:00','2026-07-06 04:58:00',1,100,0,0,100,0,0,0,0),
(1010010,1,1,12,0,1,999,45,82005,1,41,90002,5000,'2016-07-06 04:58:00','2026-07-06 04:58:00',1,100,0,0,100,0,0,0,0),
(1010011,1,1,12,0,1,999,45,83001,1,41,90002,1000,'2016-07-06 04:58:00','2026-07-06 04:58:00',1,100,0,0,100,0,0,0,0),
(1010012,1,1,12,0,1,999,45,83002,1,41,90002,2000,'2016-07-06 04:58:00','2026-07-06 04:58:00',1,100,0,0,100,0,0,0,0),
(1010013,1,1,12,0,1,999,45,83003,1,41,90002,3000,'2016-07-06 04:58:00','2026-07-06 04:58:00',1,100,0,0,100,0,0,0,0),
(1010014,1,1,12,0,1,999,45,83004,1,41,90002,4000,'2016-07-06 04:58:00','2026-07-06 04:58:00',1,100,0,0,100,0,0,0,0),
(1010015,1,1,12,0,1,999,45,83005,1,41,90002,5000,'2016-07-06 04:58:00','2026-07-06 04:58:00',1,100,0,0,100,0,0,0,0),
(1010016,1,1,12,0,1,999,43,31001,1,41,90002,500,'2016-07-06 04:58:00','2026-07-06 04:58:00',1,100,0,0,100,0,0,0,0),
(1010017,1,1,12,0,1,999,43,31002,1,41,90002,500,'2016-07-06 04:58:00','2026-07-06 04:58:00',1,100,0,0,100,0,0,0,0),
(1010018,1,1,12,0,1,999,43,31003,1,41,90002,500,'2016-07-06 04:58:00','2026-07-06 04:58:00',1,100,0,0,100,0,0,0,0),
(1010019,1,1,12,0,1,999,43,31004,1,41,90002,500,'2016-07-06 04:58:00','2026-07-06 04:58:00',1,100,0,0,100,0,0,0,0),
(1010020,1,1,12,0,1,999,43,31005,1,41,90002,500,'2016-07-06 04:58:00','2026-07-06 04:58:00',1,100,0,0,100,0,0,0,0),
(1010021,1,1,12,0,1,999,43,32001,1,41,90002,500,'2016-07-06 04:58:00','2026-07-06 04:58:00',1,100,0,0,100,0,0,0,0),
(1010022,1,1,12,0,1,999,43,32002,1,41,90002,500,'2016-07-06 04:58:00','2026-07-06 04:58:00',1,100,0,0,100,0,0,0,0),
(1010023,1,1,12,0,1,999,43,32003,1,41,90002,500,'2016-07-06 04:58:00','2026-07-06 04:58:00',1,100,0,0,100,0,0,0,0),
(1010024,1,1,12,0,1,999,43,32004,1,41,90002,500,'2016-07-06 04:58:00','2026-07-06 04:58:00',1,100,0,0,100,0,0,0,0),
(1010025,1,1,12,0,1,999,43,32005,1,41,90002,500,'2016-07-06 04:58:00','2026-07-06 04:58:00',1,100,0,0,100,0,0,0,0),
(1010026,1,1,12,0,1,999,43,33001,1,41,90002,500,'2016-07-06 04:58:00','2026-07-06 04:58:00',1,100,0,0,100,0,0,0,0),
(1010027,1,1,12,0,1,999,43,33002,1,41,90002,500,'2016-07-06 04:58:00','2026-07-06 04:58:00',1,100,0,0,100,0,0,0,0),
(1010028,1,1,12,0,1,999,43,33003,1,41,90002,500,'2016-07-06 04:58:00','2026-07-06 04:58:00',1,100,0,0,100,0,0,0,0),
(1010029,1,1,12,0,1,999,43,33004,1,41,90002,500,'2016-07-06 04:58:00','2026-07-06 04:58:00',1,100,0,0,100,0,0,0,0),
(1010030,1,1,12,0,1,999,43,33005,1,41,90002,500,'2016-07-06 04:58:00','2026-07-06 04:58:00',1,100,0,0,100,0,0,0,0),
(1010031,1,1,12,0,1,999,43,34001,1,41,90002,500,'2016-07-06 04:58:00','2026-07-06 04:58:00',1,100,0,0,100,0,0,0,0),
(1010032,1,1,12,0,1,999,43,34002,1,41,90002,500,'2016-07-06 04:58:00','2026-07-06 04:58:00',1,100,0,0,100,0,0,0,0),
(1010033,1,1,12,0,1,999,43,34003,1,41,90002,500,'2016-07-06 04:58:00','2026-07-06 04:58:00',1,100,0,0,100,0,0,0,0),
(1010034,1,1,12,0,1,999,43,34004,1,41,90002,500,'2016-07-06 04:58:00','2026-07-06 04:58:00',1,100,0,0,100,0,0,0,0),
(1010035,1,1,12,0,1,999,43,34005,1,41,90002,500,'2016-07-06 04:58:00','2026-07-06 04:58:00',1,100,0,0,100,0,0,0,0),
(1010036,1,1,12,0,1,999,43,35001,1,41,90002,500,'2016-07-06 04:58:00','2026-07-06 04:58:00',1,100,0,0,100,0,0,0,0),
(1010037,1,1,12,0,1,999,43,35002,1,41,90002,500,'2016-07-06 04:58:00','2026-07-06 04:58:00',1,100,0,0,100,0,0,0,0),
(1010038,1,1,12,0,1,999,43,35003,1,41,90002,500,'2016-07-06 04:58:00','2026-07-06 04:58:00',1,100,0,0,100,0,0,0,0),
(1010039,1,1,12,0,1,999,43,35004,1,41,90002,500,'2016-07-06 04:58:00','2026-07-06 04:58:00',1,100,0,0,100,0,0,0,0),
(1010040,1,1,12,0,1,999,43,35005,1,41,90002,500,'2016-07-06 04:58:00','2026-07-06 04:58:00',1,100,0,0,100,0,0,0,0),
(1010041,1,1,12,0,1,999,43,36001,1,41,90002,500,'2016-07-06 04:58:00','2026-07-06 04:58:00',1,100,0,0,100,0,0,0,0),
(1010042,1,1,12,0,1,999,43,36002,1,41,90002,500,'2016-07-06 04:58:00','2026-07-06 04:58:00',1,100,0,0,100,0,0,0,0),
(1010043,1,1,12,0,1,999,43,36003,1,41,90002,500,'2016-07-06 04:58:00','2026-07-06 04:58:00',1,100,0,0,100,0,0,0,0),
(1010044,1,1,12,0,1,999,43,36004,1,41,90002,500,'2016-07-06 04:58:00','2026-07-06 04:58:00',1,100,0,0,100,0,0,0,0),
(1010045,1,1,12,0,1,999,43,36005,1,41,90002,500,'2016-07-06 04:58:00','2026-07-06 04:58:00',1,100,0,0,100,0,0,0,0),
(1010046,1,1,12,0,1,999,41,89010,1,41,90002,100,'2016-07-06 04:58:00','2026-07-06 04:58:00',1,100,0,0,100,0,0,0,0),
(1010047,1,1,12,0,1,999,41,89011,1,41,90002,200,'2016-07-06 04:58:00','2026-07-06 04:58:00',1,100,0,0,100,0,0,0,0),
(1010048,1,1,12,0,1,999,41,89012,1,41,90002,300,'2016-07-06 04:58:00','2026-07-06 04:58:00',1,100,0,0,100,0,0,0,0),
(1010049,1,1,12,0,1,999,41,89013,1,41,90002,400,'2016-07-06 04:58:00','2026-07-06 04:58:00',1,100,0,0,100,0,0,0,0),
(1010050,1,1,12,0,1,999,41,89014,1,41,90002,500,'2016-07-06 04:58:00','2026-07-06 04:58:00',1,100,0,0,100,0,0,0,0),
(1010051,1,1,12,0,1,999,41,89015,1,41,90002,200,'2016-07-06 04:58:00','2026-07-06 04:58:00',1,100,0,0,100,0,0,0,0),
(1010052,1,1,12,0,1,999,41,89016,1,41,90002,400,'2016-07-06 04:58:00','2026-07-06 04:58:00',1,100,0,0,100,0,0,0,0),
(1010053,1,1,12,0,1,999,41,89017,1,41,90002,600,'2016-07-06 04:58:00','2026-07-06 04:58:00',1,100,0,0,100,0,0,0,0),
(1010054,1,1,12,0,1,999,41,89018,1,41,90002,800,'2016-07-06 04:58:00','2026-07-06 04:58:00',1,100,0,0,100,0,0,0,0),
(1010055,1,1,12,0,1,999,41,89019,1,41,90002,1000,'2016-07-06 04:58:00','2026-07-06 04:58:00',1,100,0,0,100,0,0,0,0),
(1010056,1,1,12,0,1,999,41,89001,1,41,90002,500,'2016-07-06 04:58:00','2026-07-06 04:58:00',1,100,0,0,80,0,0,0,0),
(1010057,1,1,12,0,1,999,41,89002,1,41,90002,500,'2016-07-06 04:58:00','2026-07-06 04:58:00',1,100,0,0,80,0,0,0,0),
(1010058,1,1,12,0,1,999,41,89003,1,41,90002,500,'2016-07-06 04:58:00','2026-07-06 04:58:00',1,100,0,0,80,0,0,0,0),
(1010059,1,1,12,0,1,999,41,89004,1,41,90002,500,'2016-07-06 04:58:00','2026-07-06 04:58:00',1,100,0,0,80,0,0,0,0),
(1010060,1,1,12,0,1,999,41,89005,1,41,90002,500,'2016-07-06 04:58:00','2026-07-06 04:58:00',1,100,0,0,80,0,0,0,0),
(1010061,1,1,12,0,1,999,41,89006,1,41,90002,500,'2016-07-06 04:58:00','2026-07-06 04:58:00',1,100,0,0,80,0,0,0,0),
(1010062,1,1,12,0,1,999,41,89007,1,41,90002,500,'2016-07-06 04:58:00','2026-07-06 04:58:00',1,100,0,0,80,0,0,0,0),
(1010063,1,1,12,0,1,999,41,89008,1,41,90002,500,'2016-07-06 04:58:00','2026-07-06 04:58:00',1,100,0,0,80,0,0,0,0),
(1010064,1,1,12,0,1,999,41,89009,1,41,90002,500,'2016-07-06 04:58:00','2026-07-06 04:58:00',1,100,0,0,80,0,0,0,0),
(1020001,2,1,12,0,1,999,41,90401,5,41,90006,5,'2016-07-06 04:58:00','2026-07-06 04:58:00',1,100,0,0,100,0,0,0,0),
(1020002,2,1,12,0,1,999,41,90402,5,41,90006,10,'2016-07-06 04:58:00','2026-07-06 04:58:00',1,100,0,0,100,0,0,0,0),
(1020003,2,1,12,0,1,999,41,90403,5,41,90006,15,'2016-07-06 04:58:00','2026-07-06 04:58:00',1,100,0,0,100,0,0,0,0),
(1020004,2,1,12,0,1,999,41,90404,5,41,90006,20,'2016-07-06 04:58:00','2026-07-06 04:58:00',1,100,0,0,100,0,0,0,0),
(1020005,2,1,12,0,1,999,41,87000,5,41,90006,100,'2016-07-06 04:58:00','2026-07-06 04:58:00',1,100,0,0,100,0,0,0,0),
(1020006,2,1,12,0,1,999,41,87001,1,41,90006,20,'2016-07-06 04:58:00','2026-07-06 04:58:00',1,100,0,0,100,0,0,0,0),
(1020007,2,1,12,0,1,999,41,87002,1,41,90006,20,'2016-07-06 04:58:00','2026-07-06 04:58:00',1,100,0,0,100,0,0,0,0),
(1020008,2,1,12,0,1,999,41,87003,1,41,90006,20,'2016-07-06 04:58:00','2026-07-06 04:58:00',1,100,0,0,100,0,0,0,0),
(1020009,2,1,12,0,1,999,41,87004,1,41,90006,20,'2016-07-06 04:58:00','2026-07-06 04:58:00',1,100,0,0,100,0,0,0,0),
(1020010,2,1,12,0,1,999,41,87005,1,41,90006,20,'2016-07-06 04:58:00','2026-07-06 04:58:00',1,100,0,0,100,0,0,0,0),
(1020011,2,1,12,0,1,999,41,87006,1,41,90006,20,'2016-07-06 04:58:00','2026-07-06 04:58:00',1,100,0,0,100,0,0,0,0),
(1020012,2,1,12,0,1,999,41,87007,1,41,90006,20,'2016-07-06 04:58:00','2026-07-06 04:58:00',1,100,0,0,100,0,0,0,0),
(1020013,2,1,12,0,1,999,41,87008,1,41,90006,20,'2016-07-06 04:58:00','2026-07-06 04:58:00',1,100,0,0,100,0,0,0,0),
(1020014,2,1,12,0,1,999,41,88001,10,41,90006,50,'2016-07-06 04:58:00','2026-07-06 04:58:00',1,100,0,0,100,0,0,0,0),
(1020015,2,1,12,0,1,999,41,88002,10,41,90006,100,'2016-07-06 04:58:00','2026-07-06 04:58:00',1,100,0,0,100,0,0,0,0),
(1020016,2,1,12,0,1,999,41,88003,10,41,90006,150,'2016-07-06 04:58:00','2026-07-06 04:58:00',1,100,0,0,100,0,0,0,0),
(1020017,2,1,12,0,1,999,41,88004,10,41,90006,200,'2016-07-06 04:58:00','2026-07-06 04:58:00',1,100,0,0,100,0,0,0,0),
(1020018,2,1,12,0,1,999,41,88005,10,41,90006,250,'2016-07-06 04:58:00','2026-07-06 04:58:00',1,100,0,0,100,0,0,0,0),
(1020019,2,1,12,0,1,999,41,90003,10000,41,90006,100,'2016-07-06 04:58:00','2026-07-06 04:58:00',1,100,0,0,100,0,0,0,0),
(1020020,2,1,12,0,1,999,41,90007,5,41,90006,50,'2016-07-06 04:58:00','2026-07-06 04:58:00',1,100,0,0,100,0,0,0,0),
(1020021,2,1,12,0,1,999,41,90010,100,41,90006,50,'2016-07-06 04:58:00','2026-07-06 04:58:00',1,100,0,0,100,0,0,0,0),
(1020022,2,1,12,0,1,999,41,50001,5,41,90006,10,'2016-07-06 04:58:00','2026-07-06 04:58:00',1,100,0,0,100,0,0,0,0),
(1020023,2,1,12,0,1,999,41,50002,5,41,90006,20,'2016-07-06 04:58:00','2026-07-06 04:58:00',1,100,0,0,100,0,0,0,0),
(1020024,2,1,12,0,1,999,41,50003,5,41,90006,30,'2016-07-06 04:58:00','2026-07-06 04:58:00',1,100,0,0,100,0,0,0,0),
(1020025,2,1,12,0,1,999,41,50004,5,41,90006,30,'2016-07-06 04:58:00','2026-07-06 04:58:00',1,100,0,0,100,0,0,0,0),
(1020026,2,1,12,0,1,999,41,50005,5,41,90006,10,'2016-07-06 04:58:00','2026-07-06 04:58:00',1,100,0,0,100,0,0,0,0),
(1020027,2,1,12,0,1,999,41,51001,5,41,90006,20,'2016-07-06 04:58:00','2026-07-06 04:58:00',1,100,0,0,100,0,0,0,0),
(1020028,2,1,12,0,1,999,41,51002,5,41,90006,30,'2016-07-06 04:58:00','2026-07-06 04:58:00',1,100,0,0,100,0,0,0,0),
(1020029,2,1,12,0,1,999,41,51003,5,41,90006,30,'2016-07-06 04:58:00','2026-07-06 04:58:00',1,100,0,0,100,0,0,0,0),
(1020030,2,1,12,0,1,999,41,51004,5,41,90006,30,'2016-07-06 04:58:00','2026-07-06 04:58:00',1,100,0,0,100,0,0,0,0),
(1020031,2,1,12,0,1,999,41,51005,5,41,90006,40,'2016-07-06 04:58:00','2026-07-06 04:58:00',1,100,0,0,100,0,0,0,0),
(1020032,2,1,12,0,1,999,41,51006,5,41,90006,40,'2016-07-06 04:58:00','2026-07-06 04:58:00',1,100,0,0,100,0,0,0,0),
(1020033,2,1,12,0,1,999,41,52001,5,41,90006,40,'2016-07-06 04:58:00','2026-07-06 04:58:00',1,100,0,0,100,0,0,0,0),
(1020034,2,1,12,0,1,999,41,52002,5,41,90006,40,'2016-07-06 04:58:00','2026-07-06 04:58:00',1,100,0,0,100,0,0,0,0),
(1020035,2,1,12,0,1,999,41,52003,5,41,90006,40,'2016-07-06 04:58:00','2026-07-06 04:58:00',1,100,0,0,100,0,0,0,0),
(1020036,2,1,12,0,1,999,41,52004,5,41,90006,40,'2016-07-06 04:58:00','2026-07-06 04:58:00',1,100,0,0,100,0,0,0,0),
(1020037,2,1,12,0,1,999,41,52005,5,41,90006,40,'2016-07-06 04:58:00','2026-07-06 04:58:00',1,100,0,0,100,0,0,0,0),
(1020038,2,1,12,0,1,999,41,53001,5,41,90006,50,'2016-07-06 04:58:00','2026-07-06 04:58:00',1,100,0,0,100,0,0,0,0),
(1020039,2,1,12,0,1,999,41,53002,5,41,90006,50,'2016-07-06 04:58:00','2026-07-06 04:58:00',1,100,0,0,100,0,0,0,0),
(1020040,2,1,12,0,1,999,41,53003,5,41,90006,50,'2016-07-06 04:58:00','2026-07-06 04:58:00',1,100,0,0,100,0,0,0,0),
(1020041,2,1,12,0,1,999,41,53004,5,41,90006,50,'2016-07-06 04:58:00','2026-07-06 04:58:00',1,100,0,0,100,0,0,0,0),
(1020042,2,1,12,0,1,999,41,53005,5,41,90006,50,'2016-07-06 04:58:00','2026-07-06 04:58:00',1,100,0,0,100,0,0,0,0),
(1020043,2,1,12,0,1,999,41,54001,5,41,90006,50,'2016-07-06 04:58:00','2026-07-06 04:58:00',1,100,0,0,100,0,0,0,0),
(1020044,2,1,12,0,1,999,41,54002,5,41,90006,10,'2016-07-06 04:58:00','2026-07-06 04:58:00',1,100,0,0,100,0,0,0,0),
(1020045,2,1,12,0,1,999,41,54003,5,41,90006,20,'2016-07-06 04:58:00','2026-07-06 04:58:00',1,100,0,0,100,0,0,0,0),
(1020046,2,1,12,0,1,999,41,54004,5,41,90006,30,'2016-07-06 04:58:00','2026-07-06 04:58:00',1,100,0,0,100,0,0,0,0),
(1020047,2,1,12,0,1,999,41,54005,5,41,90006,40,'2016-07-06 04:58:00','2026-07-06 04:58:00',1,100,0,0,100,0,0,0,0),
(1020048,2,1,12,0,1,999,41,54006,5,41,90006,50,'2016-07-06 04:58:00','2026-07-06 04:58:00',1,100,0,0,100,0,0,0,0),
(1030001,3,1,12,0,1,999,41,90001,250,41,90401,1,'2016-07-06 04:58:00','2026-07-06 04:58:00',1,99999,0,0,100,0,0,0,0),
(1030002,3,1,12,0,1,999,41,90001,1000,41,90402,1,'2016-07-06 04:58:00','2026-07-06 04:58:00',1,99999,0,0,100,0,0,0,0),
(1030003,3,1,12,0,1,999,41,90001,4000,41,90403,1,'2016-07-06 04:58:00','2026-07-06 04:58:00',1,99999,0,0,100,0,0,0,0),
(1030004,3,1,12,0,1,999,41,90001,16000,41,90404,1,'2016-07-06 04:58:00','2026-07-06 04:58:00',1,99999,0,0,100,0,0,0,0),
(1040001,4,1,12,0,1,999,41,61005,1,41,90021,10,'2016-07-06 04:58:00','2026-07-06 04:58:00',1,10,0,0,100,0,0,0,0),
(1040002,4,1,12,0,1,999,41,62001,1,41,90021,10,'2016-07-06 04:58:00','2026-07-06 04:58:00',1,10,0,0,100,0,0,0,0),
(1040003,4,1,12,0,1,999,41,62002,1,41,90021,10,'2016-07-06 04:58:00','2026-07-06 04:58:00',1,10,0,0,100,0,0,0,0),
(1040004,4,1,12,0,1,999,41,62003,1,41,90021,10,'2016-07-06 04:58:00','2026-07-06 04:58:00',1,10,0,0,100,0,0,0,0),
(1040005,4,1,12,0,1,999,41,62004,1,41,90021,10,'2016-07-06 04:58:00','2026-07-06 04:58:00',1,10,0,0,100,0,0,0,0),
(1040006,4,1,12,0,1,999,41,62005,1,41,90021,10,'2016-07-06 04:58:00','2026-07-06 04:58:00',1,10,0,0,100,0,0,0,0),
(1040007,4,1,12,0,1,999,41,63001,1,41,90021,10,'2016-07-06 04:58:00','2026-07-06 04:58:00',1,10,0,0,100,0,0,0,0),
(1040008,4,1,12,0,1,999,41,63002,1,41,90021,10,'2016-07-06 04:58:00','2026-07-06 04:58:00',1,10,0,0,100,0,0,0,0),
(1040009,4,1,12,0,1,999,41,63003,1,41,90021,10,'2016-07-06 04:58:00','2026-07-06 04:58:00',1,10,0,0,100,0,0,0,0),
(1040010,4,1,12,0,1,999,41,63004,1,41,90021,10,'2016-07-06 04:58:00','2026-07-06 04:58:00',1,10,0,0,100,0,0,0,0),
(1040011,4,1,12,0,1,999,41,63005,1,41,90021,10,'2016-07-06 04:58:00','2026-07-06 04:58:00',1,10,0,0,100,0,0,0,0),
(1040012,4,1,12,0,1,999,41,64001,1,41,90021,10,'2016-07-06 04:58:00','2026-07-06 04:58:00',1,10,0,0,100,0,0,0,0),
(1040013,4,1,12,0,1,999,41,64002,1,41,90021,10,'2016-07-06 04:58:00','2026-07-06 04:58:00',1,10,0,0,100,0,0,0,0),
(1040014,4,1,12,0,1,999,41,64003,1,41,90021,10,'2016-07-06 04:58:00','2026-07-06 04:58:00',1,10,0,0,100,0,0,0,0),
(1040015,4,1,12,0,1,999,41,64004,1,41,90021,10,'2016-07-06 04:58:00','2026-07-06 04:58:00',1,10,0,0,100,0,0,0,0),
(1040016,4,1,12,0,1,999,41,64005,1,41,90021,10,'2016-07-06 04:58:00','2026-07-06 04:58:00',1,10,0,0,100,0,0,0,0),
(1040017,4,1,12,0,1,999,41,65001,1,41,90021,10,'2016-07-06 04:58:00','2026-07-06 04:58:00',1,10,0,0,100,0,0,0,0),
(1040018,4,1,12,0,1,999,41,65002,1,41,90021,10,'2016-07-06 04:58:00','2026-07-06 04:58:00',1,10,0,0,100,0,0,0,0),
(1040019,4,1,12,0,1,999,41,65003,1,41,90021,10,'2016-07-06 04:58:00','2026-07-06 04:58:00',1,10,0,0,100,0,0,0,0),
(1040020,4,1,12,0,1,999,41,65004,1,41,90021,10,'2016-07-06 04:58:00','2026-07-06 04:58:00',1,10,0,0,100,0,0,0,0),
(1040021,4,1,12,0,1,999,41,65005,1,41,90021,10,'2016-07-06 04:58:00','2026-07-06 04:58:00',1,10,0,0,100,0,0,0,0),
(1040022,4,1,12,0,1,999,41,66001,1,41,90021,10,'2016-07-06 04:58:00','2026-07-06 04:58:00',1,10,0,0,100,0,0,0,0),
(1040023,4,1,12,0,1,999,41,66002,1,41,90021,10,'2016-07-06 04:58:00','2026-07-06 04:58:00',1,10,0,0,100,0,0,0,0),
(1040024,4,1,12,0,1,999,41,66003,1,41,90021,10,'2016-07-06 04:58:00','2026-07-06 04:58:00',1,10,0,0,100,0,0,0,0),
(1040025,4,1,12,0,1,999,41,66004,1,41,90021,10,'2016-07-06 04:58:00','2026-07-06 04:58:00',1,10,0,0,100,0,0,0,0),
(1040026,4,1,12,0,1,999,41,66005,1,41,90021,10,'2016-07-06 04:58:00','2026-07-06 04:58:00',1,10,0,0,100,0,0,0,0),
(1040027,4,1,12,0,1,999,41,71001,1,41,90021,10,'2016-07-06 04:58:00','2026-07-06 04:58:00',1,10,0,0,100,0,0,0,0),
(1040028,4,1,12,0,1,999,41,71002,1,41,90021,10,'2016-07-06 04:58:00','2026-07-06 04:58:00',1,10,0,0,100,0,0,0,0),
(1040029,4,1,12,0,1,999,41,71003,1,41,90021,10,'2016-07-06 04:58:00','2026-07-06 04:58:00',1,10,0,0,100,0,0,0,0),
(1040030,4,1,12,0,1,999,41,71004,1,41,90021,10,'2016-07-06 04:58:00','2026-07-06 04:58:00',1,10,0,0,100,0,0,0,0),
(1040031,4,1,12,0,1,999,41,71005,1,41,90021,10,'2016-07-06 04:58:00','2026-07-06 04:58:00',1,10,0,0,100,0,0,0,0),
(1060001,6,1,12,0,1,999,42,11000,1,41,21000,10,'2016-07-06 04:58:00','2026-07-06 04:58:00',1,999999,0,0,100,0,0,0,0),
(1060002,6,1,12,0,1,999,42,11001,1,41,21001,10,'2016-07-06 04:58:00','2026-07-06 04:58:00',1,999999,0,0,100,0,0,0,0),
(1060003,6,1,12,0,1,999,42,11002,1,41,21002,10,'2016-07-06 04:58:00','2026-07-06 04:58:00',1,999999,0,0,100,0,0,0,0),
(1060004,6,1,12,0,1,999,42,11003,1,41,21003,10,'2016-07-06 04:58:00','2026-07-06 04:58:00',1,999999,0,0,100,0,0,0,0),
(1060005,6,1,12,0,1,999,42,11004,1,41,21004,10,'2016-07-06 04:58:00','2026-07-06 04:58:00',1,999999,0,0,100,0,0,0,0),
(1060006,6,1,12,0,1,999,42,11005,1,41,21005,10,'2016-07-06 04:58:00','2026-07-06 04:58:00',1,999999,0,0,100,0,0,0,0),
(1060007,6,1,12,0,1,999,42,11006,1,41,21006,10,'2016-07-06 04:58:00','2026-07-06 04:58:00',1,999999,0,0,100,0,0,0,0),
(1060008,6,1,12,0,1,999,42,11007,1,41,21007,10,'2016-07-06 04:58:00','2026-07-06 04:58:00',1,999999,0,0,100,0,0,0,0),
(1060009,6,1,12,0,1,999,42,11008,1,41,21008,10,'2016-07-06 04:58:00','2026-07-06 04:58:00',1,999999,0,0,100,0,0,0,0),
(1060010,6,1,12,0,1,999,42,11009,1,41,21009,10,'2016-07-06 04:58:00','2026-07-06 04:58:00',1,999999,0,0,100,0,0,0,0),
(1060011,6,1,12,0,1,999,42,11010,1,41,21010,10,'2016-07-06 04:58:00','2026-07-06 04:58:00',1,999999,0,0,100,0,0,0,0),
(1060012,6,1,12,0,1,999,42,11011,1,41,21011,10,'2016-07-06 04:58:00','2026-07-06 04:58:00',1,999999,0,0,100,0,0,0,0),
(1060013,6,1,12,0,1,999,42,11012,1,41,21012,10,'2016-07-06 04:58:00','2026-07-06 04:58:00',1,999999,0,0,100,0,0,0,0),
(1060014,6,1,12,0,1,999,42,11013,1,41,21013,10,'2016-07-06 04:58:00','2026-07-06 04:58:00',1,999999,0,0,100,0,0,0,0),
(1060015,6,1,12,0,1,999,42,11014,1,41,21014,10,'2016-07-06 04:58:00','2026-07-06 04:58:00',1,999999,0,0,100,0,0,0,0),
(1060016,6,1,12,0,1,999,42,11015,1,41,21015,10,'2016-07-06 04:58:00','2026-07-06 04:58:00',1,999999,0,0,100,0,0,0,0),
(1060017,6,1,12,0,1,999,42,11017,1,41,21017,10,'2016-07-06 04:58:00','2026-07-06 04:58:00',1,999999,0,0,100,0,0,0,0),
(1060018,6,1,12,0,1,999,42,11018,1,41,21018,10,'2016-07-06 04:58:00','2026-07-06 04:58:00',1,999999,0,0,100,0,0,0,0),
(1060019,6,1,12,0,1,999,42,11020,1,41,21020,10,'2016-07-06 04:58:00','2026-07-06 04:58:00',1,999999,0,0,100,0,0,0,0),
(1060020,6,1,12,0,1,999,42,11022,1,41,21022,10,'2016-07-06 04:58:00','2026-07-06 04:58:00',1,999999,0,0,100,0,0,0,0),
(1060021,6,1,12,0,1,999,42,11023,1,41,21023,10,'2016-07-06 04:58:00','2026-07-06 04:58:00',1,999999,0,0,100,0,0,0,0),
(1060022,6,1,12,0,1,999,42,11024,1,41,21024,10,'2016-07-06 04:58:00','2026-07-06 04:58:00',1,999999,0,0,100,0,0,0,0),
(1060023,6,1,12,0,1,999,42,11025,1,41,21025,10,'2016-07-06 04:58:00','2026-07-06 04:58:00',1,999999,0,0,100,0,0,0,0),
(1060024,6,1,12,0,1,999,42,11027,1,41,21027,10,'2016-07-06 04:58:00','2026-07-06 04:58:00',1,999999,0,0,100,0,0,0,0),
(1060025,6,1,12,0,1,999,42,11028,1,41,21028,10,'2016-07-06 04:58:00','2026-07-06 04:58:00',1,999999,0,0,100,0,0,0,0),
(1060026,6,1,12,0,1,999,41,88002,1,41,88001,5,'2016-07-06 04:58:00','2026-07-06 04:58:00',1,999999,0,0,100,0,0,0,0),
(1060027,6,1,12,0,1,999,41,88003,1,41,88002,5,'2016-07-06 04:58:00','2026-07-06 04:58:00',1,999999,0,0,100,0,0,0,0),
(1060028,6,1,12,0,1,999,41,88004,1,41,88003,5,'2016-07-06 04:58:00','2026-07-06 04:58:00',1,999999,0,0,100,0,0,0,0),
(1060029,6,1,12,0,1,999,41,88005,1,41,88004,5,'2016-07-06 04:58:00','2026-07-06 04:58:00',1,999999,0,0,100,0,0,0,0),
(1320001,32,1,12,0,1,999,41,50001,1,41,90002,250,'2016-07-06 04:58:00','2026-07-06 04:58:00',1,10,0,0,60,0,0,0,0),
(1320002,32,1,12,0,1,999,41,50002,1,41,90002,300,'2016-07-06 04:58:00','2026-07-06 04:58:00',1,10,0,0,60,0,0,0,0),
(1320003,32,1,12,0,1,999,41,50003,1,41,90002,200,'2016-07-06 04:58:00','2026-07-06 04:58:00',1,10,0,0,60,0,0,0,0),
(1320004,32,1,12,0,1,999,41,50004,1,41,90002,250,'2016-07-06 04:58:00','2026-07-06 04:58:00',1,10,0,0,60,0,0,0,0),
(1320005,32,1,12,0,1,999,41,50005,1,41,90002,300,'2016-07-06 04:58:00','2026-07-06 04:58:00',1,10,0,0,60,0,0,0,0),
(1320006,32,1,12,0,1,999,41,51001,1,41,90002,250,'2016-07-06 04:58:00','2026-07-06 04:58:00',1,10,0,0,60,0,0,0,0),
(1320007,32,1,12,0,1,999,41,51002,1,41,90002,300,'2016-07-06 04:58:00','2026-07-06 04:58:00',1,10,0,0,60,0,0,0,0),
(1320008,32,1,12,0,1,999,41,51003,1,41,90002,250,'2016-07-06 04:58:00','2026-07-06 04:58:00',1,10,0,0,60,0,0,0,0),
(1320009,32,1,12,0,1,999,41,51004,1,41,90002,350,'2016-07-06 04:58:00','2026-07-06 04:58:00',1,10,0,0,60,0,0,0,0),
(1330001,33,1,12,0,1,999,41,90002,555,41,51005,1,'2016-07-06 04:58:00','2026-07-06 04:58:00',1,5,0,0,60,0,0,0,0),
(1330002,33,1,12,0,1,999,41,90002,666,41,51006,1,'2016-07-06 04:58:00','2026-07-06 04:58:00',1,5,0,0,100,0,0,0,0),
(1330003,33,1,12,0,1,999,41,90002,888,41,52001,1,'2016-07-06 04:58:00','2026-07-06 04:58:00',1,5,0,0,100,0,0,0,0),
(1330004,33,1,12,0,1,999,41,90002,2888,41,52002,1,'2016-07-06 04:58:00','2026-07-06 04:58:00',1,5,0,0,100,0,0,0,0),
(1330005,33,1,12,0,1,999,41,90002,6888,41,52003,1,'2016-07-06 04:58:00','2026-07-06 04:58:00',1,5,0,0,100,0,0,0,0),
(1330006,33,1,12,0,1,999,41,90002,9999,41,52004,1,'2016-07-06 04:58:00','2026-07-06 04:58:00',1,5,0,0,100,0,0,0,0),
(1070001,7,1,12,0,1,999,41,90002,600,41,81001,1,'2016-07-06 04:58:00','2026-07-06 04:58:00',1,999999,0,0,100,0,0,0,0),
(1070002,7,1,12,0,1,999,41,90002,600,41,81002,1,'2016-07-06 04:58:00','2026-07-06 04:58:00',1,999999,0,0,100,0,0,0,0),
(1070003,7,1,12,0,1,999,41,90002,600,41,81003,1,'2016-07-06 04:58:00','2026-07-06 04:58:00',1,999999,0,0,100,0,0,0,0),
(1070004,7,1,12,0,1,999,41,90002,600,41,81004,1,'2016-07-06 04:58:00','2026-07-06 04:58:00',1,999999,0,0,100,0,0,0,0),
(1070005,7,1,12,0,1,999,41,90002,600,41,81005,1,'2016-07-06 04:58:00','2026-07-06 04:58:00',1,999999,0,0,100,0,0,0,0),
(1070006,7,1,12,0,1,999,41,90002,600,41,82001,1,'2016-07-06 04:58:00','2026-07-06 04:58:00',1,999999,0,0,100,0,0,0,0),
(1070007,7,1,12,0,1,999,41,90002,600,41,82002,1,'2016-07-06 04:58:00','2026-07-06 04:58:00',1,999999,0,0,100,0,0,0,0),
(1070008,7,1,12,0,1,999,41,90002,600,41,82003,1,'2016-07-06 04:58:00','2026-07-06 04:58:00',1,999999,0,0,100,0,0,0,0),
(1070009,7,1,12,0,1,999,41,90002,600,41,82004,1,'2016-07-06 04:58:00','2026-07-06 04:58:00',1,999999,0,0,100,0,0,0,0),
(1070010,7,1,12,0,1,999,41,90002,600,41,82005,1,'2016-07-06 04:58:00','2026-07-06 04:58:00',1,999999,0,0,100,0,0,0,0),
(1070011,7,1,12,0,1,999,41,90002,600,41,83001,1,'2016-07-06 04:58:00','2026-07-06 04:58:00',1,999999,0,0,100,0,0,0,0),
(1070012,7,1,12,0,1,999,41,90002,600,41,83002,1,'2016-07-06 04:58:00','2026-07-06 04:58:00',1,999999,0,0,100,0,0,0,0),
(1070013,7,1,12,0,1,999,41,90002,600,41,83003,1,'2016-07-06 04:58:00','2026-07-06 04:58:00',1,999999,0,0,100,0,0,0,0),
(1070014,7,1,12,0,1,999,41,90002,600,41,83004,1,'2016-07-06 04:58:00','2026-07-06 04:58:00',1,999999,0,0,100,0,0,0,0),
(1070015,7,1,12,0,1,999,41,90002,600,41,83005,1,'2016-07-06 04:58:00','2026-07-06 04:58:00',1,999999,0,0,100,0,0,0,0),
(1070016,7,1,12,0,1,999,41,90002,600,41,87000,1,'2016-07-06 04:58:00','2026-07-06 04:58:00',1,999999,0,0,100,0,0,0,0),
(1070017,7,1,12,0,1,999,41,90002,600,41,87401,1,'2016-07-06 04:58:00','2026-07-06 04:58:00',1,999999,0,0,100,0,0,0,0),
(1070018,7,1,12,0,1,999,41,90002,600,41,87402,1,'2016-07-06 04:58:00','2026-07-06 04:58:00',1,999999,0,0,100,0,0,0,0),
(1070019,7,1,12,0,1,999,41,90002,600,41,87403,1,'2016-07-06 04:58:00','2026-07-06 04:58:00',1,999999,0,0,100,0,0,0,0),
(1070020,7,1,12,0,1,999,41,90002,600,41,87404,1,'2016-07-06 04:58:00','2026-07-06 04:58:00',1,999999,0,0,100,0,0,0,0),
(1070021,7,1,12,0,1,999,41,90002,600,41,87405,1,'2016-07-06 04:58:00','2026-07-06 04:58:00',1,999999,0,0,100,0,0,0,0),
(1070022,7,1,12,0,1,999,41,90002,600,41,87406,1,'2016-07-06 04:58:00','2026-07-06 04:58:00',1,999999,0,0,100,0,0,0,0),
(1070023,7,1,12,0,1,999,41,90002,600,41,87407,1,'2016-07-06 04:58:00','2026-07-06 04:58:00',1,999999,0,0,100,0,0,0,0),
(1070024,7,1,12,0,1,999,41,90002,600,41,87408,1,'2016-07-06 04:58:00','2026-07-06 04:58:00',1,999999,0,0,100,0,0,0,0),
(1070025,7,1,12,0,1,999,41,90002,600,41,87301,1,'2016-07-06 04:58:00','2026-07-06 04:58:00',1,999999,0,0,100,0,0,0,0),
(1070026,7,1,12,0,1,999,41,90002,600,41,87302,1,'2016-07-06 04:58:00','2026-07-06 04:58:00',1,999999,0,0,100,0,0,0,0),
(1070027,7,1,12,0,1,999,41,90002,600,41,87303,1,'2016-07-06 04:58:00','2026-07-06 04:58:00',1,999999,0,0,100,0,0,0,0),
(1070028,7,1,12,0,1,999,41,90002,600,41,87304,1,'2016-07-06 04:58:00','2026-07-06 04:58:00',1,999999,0,0,100,0,0,0,0),
(1070029,7,1,12,0,1,999,41,90002,600,41,87305,1,'2016-07-06 04:58:00','2026-07-06 04:58:00',1,999999,0,0,100,0,0,0,0),
(1070030,7,1,12,0,1,999,41,90002,600,41,87306,1,'2016-07-06 04:58:00','2026-07-06 04:58:00',1,999999,0,0,100,0,0,0,0),
(1070031,7,1,12,0,1,999,41,90002,600,41,87307,1,'2016-07-06 04:58:00','2026-07-06 04:58:00',1,999999,0,0,100,0,0,0,0),
(1070032,7,1,12,0,1,999,41,90002,600,41,87308,1,'2016-07-06 04:58:00','2026-07-06 04:58:00',1,999999,0,0,100,0,0,0,0),
(1070033,7,1,12,0,1,999,41,90002,600,41,87201,1,'2016-07-06 04:58:00','2026-07-06 04:58:00',1,999999,0,0,100,0,0,0,0),
(1070034,7,1,12,0,1,999,41,90002,600,41,87202,1,'2016-07-06 04:58:00','2026-07-06 04:58:00',1,999999,0,0,100,0,0,0,0),
(1070035,7,1,12,0,1,999,41,90002,600,41,87203,1,'2016-07-06 04:58:00','2026-07-06 04:58:00',1,999999,0,0,100,0,0,0,0),
(1070036,7,1,12,0,1,999,41,90002,600,41,87204,1,'2016-07-06 04:58:00','2026-07-06 04:58:00',1,999999,0,0,100,0,0,0,0),
(1070037,7,1,12,0,1,999,41,90002,600,41,87205,1,'2016-07-06 04:58:00','2026-07-06 04:58:00',1,999999,0,0,100,0,0,0,0),
(1070038,7,1,12,0,1,999,41,90002,600,41,87206,1,'2016-07-06 04:58:00','2026-07-06 04:58:00',1,999999,0,0,100,0,0,0,0),
(1070039,7,1,12,0,1,999,41,90002,600,41,87207,1,'2016-07-06 04:58:00','2026-07-06 04:58:00',1,999999,0,0,100,0,0,0,0),
(1070040,7,1,12,0,1,999,41,90002,600,41,87208,1,'2016-07-06 04:58:00','2026-07-06 04:58:00',1,999999,0,0,100,0,0,0,0),
(1070041,7,1,12,0,1,999,41,90002,600,41,87101,1,'2016-07-06 04:58:00','2026-07-06 04:58:00',1,999999,0,0,100,0,0,0,0),
(1070042,7,1,12,0,1,999,41,90002,600,41,87102,1,'2016-07-06 04:58:00','2026-07-06 04:58:00',1,999999,0,0,100,0,0,0,0),
(1070043,7,1,12,0,1,999,41,90002,600,41,87103,1,'2016-07-06 04:58:00','2026-07-06 04:58:00',1,999999,0,0,100,0,0,0,0),
(1070044,7,1,12,0,1,999,41,90002,600,41,87104,1,'2016-07-06 04:58:00','2026-07-06 04:58:00',1,999999,0,0,100,0,0,0,0),
(1070045,7,1,12,0,1,999,41,90002,600,41,87105,1,'2016-07-06 04:58:00','2026-07-06 04:58:00',1,999999,0,0,100,0,0,0,0),
(1070046,7,1,12,0,1,999,41,90002,600,41,87106,1,'2016-07-06 04:58:00','2026-07-06 04:58:00',1,999999,0,0,100,0,0,0,0),
(1070047,7,1,12,0,1,999,41,90002,600,41,87107,1,'2016-07-06 04:58:00','2026-07-06 04:58:00',1,999999,0,0,100,0,0,0,0),
(1070048,7,1,12,0,1,999,41,90002,600,41,87108,1,'2016-07-06 04:58:00','2026-07-06 04:58:00',1,999999,0,0,100,0,0,0,0),
(1070049,7,1,12,0,1,999,41,90002,600,41,87001,1,'2016-07-06 04:58:00','2026-07-06 04:58:00',1,999999,0,0,100,0,0,0,0),
(1070050,7,1,12,0,1,999,41,90002,600,41,87002,1,'2016-07-06 04:58:00','2026-07-06 04:58:00',1,999999,0,0,100,0,0,0,0),
(1070051,7,1,12,0,1,999,41,90002,600,41,87003,1,'2016-07-06 04:58:00','2026-07-06 04:58:00',1,999999,0,0,100,0,0,0,0),
(1070052,7,1,12,0,1,999,41,90002,600,41,87004,1,'2016-07-06 04:58:00','2026-07-06 04:58:00',1,999999,0,0,100,0,0,0,0),
(1070053,7,1,12,0,1,999,41,90002,600,41,87005,1,'2016-07-06 04:58:00','2026-07-06 04:58:00',1,999999,0,0,100,0,0,0,0),
(1070054,7,1,12,0,1,999,41,90002,600,41,87006,1,'2016-07-06 04:58:00','2026-07-06 04:58:00',1,999999,0,0,100,0,0,0,0),
(1070055,7,1,12,0,1,999,41,90002,600,41,87007,1,'2016-07-06 04:58:00','2026-07-06 04:58:00',1,999999,0,0,100,0,0,0,0),
(1070056,7,1,12,0,1,999,41,90002,600,41,87008,1,'2016-07-06 04:58:00','2026-07-06 04:58:00',1,999999,0,0,100,0,0,0,0),
(1070057,7,1,12,0,1,999,41,90002,600,41,88001,1,'2016-07-06 04:58:00','2026-07-06 04:58:00',1,999999,0,0,100,0,0,0,0),
(1070058,7,1,12,0,1,999,41,90002,600,41,88002,1,'2016-07-06 04:58:00','2026-07-06 04:58:00',1,999999,0,0,100,0,0,0,0),
(1070059,7,1,12,0,1,999,41,90002,600,41,88003,1,'2016-07-06 04:58:00','2026-07-06 04:58:00',1,999999,0,0,100,0,0,0,0),
(1070060,7,1,12,0,1,999,41,90002,600,41,88004,1,'2016-07-06 04:58:00','2026-07-06 04:58:00',1,999999,0,0,100,0,0,0,0),
(1070061,7,1,12,0,1,999,41,90002,600,41,88005,1,'2016-07-06 04:58:00','2026-07-06 04:58:00',1,999999,0,0,100,0,0,0,0),
(1070062,7,1,12,0,1,999,41,90002,600,41,81001,1,'2016-07-06 04:58:00','2026-07-06 04:58:00',1,999999,0,0,100,0,0,0,0),
(1070063,7,1,12,0,1,999,41,90002,600,41,81002,1,'2016-07-06 04:58:00','2026-07-06 04:58:00',1,999999,0,0,100,0,0,0,0),
(1070064,7,1,12,0,1,999,41,90002,600,41,81003,1,'2016-07-06 04:58:00','2026-07-06 04:58:00',1,999999,0,0,100,0,0,0,0),
(1070065,7,1,12,0,1,999,41,90002,600,41,81004,1,'2016-07-06 04:58:00','2026-07-06 04:58:00',1,999999,0,0,100,0,0,0,0),
(1070066,7,1,12,0,1,999,41,90002,600,41,81005,1,'2016-07-06 04:58:00','2026-07-06 04:58:00',1,999999,0,0,100,0,0,0,0),
(1070067,7,1,12,0,1,999,41,90002,600,41,82001,1,'2016-07-06 04:58:00','2026-07-06 04:58:00',1,999999,0,0,100,0,0,0,0),
(1070068,7,1,12,0,1,999,41,90002,600,41,82002,1,'2016-07-06 04:58:00','2026-07-06 04:58:00',1,999999,0,0,100,0,0,0,0),
(1070069,7,1,12,0,1,999,41,90002,600,41,82003,1,'2016-07-06 04:58:00','2026-07-06 04:58:00',1,999999,0,0,100,0,0,0,0),
(1070070,7,1,12,0,1,999,41,90002,600,41,82004,1,'2016-07-06 04:58:00','2026-07-06 04:58:00',1,999999,0,0,100,0,0,0,0),
(1070071,7,1,12,0,1,999,41,90002,600,41,82005,1,'2016-07-06 04:58:00','2026-07-06 04:58:00',1,999999,0,0,100,0,0,0,0),
(1070072,7,1,12,0,1,999,41,90002,600,45,83001,1,'2016-07-06 04:58:00','2026-07-06 04:58:00',1,999999,0,0,100,0,0,0,0),
(1070073,7,1,12,0,1,999,41,90002,600,45,83002,1,'2016-07-06 04:58:00','2026-07-06 04:58:00',1,999999,0,0,100,0,0,0,0),
(1070074,7,1,12,0,1,999,41,90002,600,45,83003,1,'2016-07-06 04:58:00','2026-07-06 04:58:00',1,999999,0,0,100,0,0,0,0),
(1070075,7,1,12,0,1,999,41,90002,600,45,83004,1,'2016-07-06 04:58:00','2026-07-06 04:58:00',1,999999,0,0,100,0,0,0,0),
(1070076,7,1,12,0,1,999,41,90002,600,45,83005,1,'2016-07-06 04:58:00','2026-07-06 04:58:00',1,999999,0,0,100,0,0,0,0),
(1070077,7,1,12,0,1,999,41,90002,600,43,31001,1,'2016-07-06 04:58:00','2026-07-06 04:58:00',1,999999,0,0,100,0,0,0,0),
(1070078,7,1,12,0,1,999,41,90002,600,43,31002,1,'2016-07-06 04:58:00','2026-07-06 04:58:00',1,999999,0,0,100,0,0,0,0),
(1070079,7,1,12,0,1,999,41,90002,600,43,31003,1,'2016-07-06 04:58:00','2026-07-06 04:58:00',1,999999,0,0,100,0,0,0,0),
(1070080,7,1,12,0,1,999,41,90002,600,43,31004,1,'2016-07-06 04:58:00','2026-07-06 04:58:00',1,999999,0,0,100,0,0,0,0),
(1070081,7,1,12,0,1,999,41,90002,600,43,31005,1,'2016-07-06 04:58:00','2026-07-06 04:58:00',1,999999,0,0,100,0,0,0,0),
(1070082,7,1,12,0,1,999,41,90002,600,43,31101,1,'2016-07-06 04:58:00','2026-07-06 04:58:00',1,999999,0,0,100,0,0,0,0),
(1070083,7,1,12,0,1,999,41,90002,600,43,31102,1,'2016-07-06 04:58:00','2026-07-06 04:58:00',1,999999,0,0,100,0,0,0,0),
(1070084,7,1,12,0,1,999,41,90002,600,43,31103,1,'2016-07-06 04:58:00','2026-07-06 04:58:00',1,999999,0,0,100,0,0,0,0),
(1070085,7,1,12,0,1,999,41,90002,600,43,31104,1,'2016-07-06 04:58:00','2026-07-06 04:58:00',1,999999,0,0,100,0,0,0,0),
(1070086,7,1,12,0,1,999,41,90002,600,43,31105,1,'2016-07-06 04:58:00','2026-07-06 04:58:00',1,999999,0,0,100,0,0,0,0),
(1070087,7,1,12,0,1,999,41,90002,600,43,31201,1,'2016-07-06 04:58:00','2026-07-06 04:58:00',1,999999,0,0,100,0,0,0,0),
(1070088,7,1,12,0,1,999,41,90002,600,43,31202,1,'2016-07-06 04:58:00','2026-07-06 04:58:00',1,999999,0,0,100,0,0,0,0),
(1070089,7,1,12,0,1,999,41,90002,600,43,31203,1,'2016-07-06 04:58:00','2026-07-06 04:58:00',1,999999,0,0,100,0,0,0,0),
(1070090,7,1,12,0,1,999,41,90002,600,43,31204,1,'2016-07-06 04:58:00','2026-07-06 04:58:00',1,999999,0,0,100,0,0,0,0),
(1070091,7,1,12,0,1,999,41,90002,600,43,31205,1,'2016-07-06 04:58:00','2026-07-06 04:58:00',1,999999,0,0,100,0,0,0,0),
(1070092,7,1,12,0,1,999,41,90002,600,43,31301,1,'2016-07-06 04:58:00','2026-07-06 04:58:00',1,999999,0,0,100,0,0,0,0),
(1070093,7,1,12,0,1,999,41,90002,600,43,31302,1,'2016-07-06 04:58:00','2026-07-06 04:58:00',1,999999,0,0,100,0,0,0,0),
(1070094,7,1,12,0,1,999,41,90002,600,43,31303,1,'2016-07-06 04:58:00','2026-07-06 04:58:00',1,999999,0,0,100,0,0,0,0),
(1070095,7,1,12,0,1,999,41,90002,600,43,31304,1,'2016-07-06 04:58:00','2026-07-06 04:58:00',1,999999,0,0,100,0,0,0,0),
(1070096,7,1,12,0,1,999,41,90002,600,43,31305,1,'2016-07-06 04:58:00','2026-07-06 04:58:00',1,999999,0,0,100,0,0,0,0),
(1070097,7,1,12,0,1,999,41,90002,600,43,31401,1,'2016-07-06 04:58:00','2026-07-06 04:58:00',1,999999,0,0,100,0,0,0,0),
(1070098,7,1,12,0,1,999,41,90002,600,43,31402,1,'2016-07-06 04:58:00','2026-07-06 04:58:00',1,999999,0,0,100,0,0,0,0),
(1070099,7,1,12,0,1,999,41,90002,600,43,31403,1,'2016-07-06 04:58:00','2026-07-06 04:58:00',1,999999,0,0,100,0,0,0,0),
(1070100,7,1,12,0,1,999,41,90002,600,43,31404,1,'2016-07-06 04:58:00','2026-07-06 04:58:00',1,999999,0,0,100,0,0,0,0),
(1070101,7,1,12,0,1,999,41,90002,600,43,31405,1,'2016-07-06 04:58:00','2026-07-06 04:58:00',1,999999,0,0,100,0,0,0,0),
(1070102,7,1,12,0,1,999,41,90002,600,43,32001,1,'2016-07-06 04:58:00','2026-07-06 04:58:00',1,999999,0,0,100,0,0,0,0),
(1070103,7,1,12,0,1,999,41,90002,600,43,32002,1,'2016-07-06 04:58:00','2026-07-06 04:58:00',1,999999,0,0,100,0,0,0,0),
(1070104,7,1,12,0,1,999,41,90002,600,43,32003,1,'2016-07-06 04:58:00','2026-07-06 04:58:00',1,999999,0,0,100,0,0,0,0),
(1070105,7,1,12,0,1,999,41,90002,600,43,32004,1,'2016-07-06 04:58:00','2026-07-06 04:58:00',1,999999,0,0,100,0,0,0,0),
(1070106,7,1,12,0,1,999,41,90002,600,43,32005,1,'2016-07-06 04:58:00','2026-07-06 04:58:00',1,999999,0,0,100,0,0,0,0),
(1070107,7,1,12,0,1,999,41,90002,600,43,32101,1,'2016-07-06 04:58:00','2026-07-06 04:58:00',1,999999,0,0,100,0,0,0,0),
(1070108,7,1,12,0,1,999,41,90002,600,43,32102,1,'2016-07-06 04:58:00','2026-07-06 04:58:00',1,999999,0,0,100,0,0,0,0),
(1070109,7,1,12,0,1,999,41,90002,600,43,32103,1,'2016-07-06 04:58:00','2026-07-06 04:58:00',1,999999,0,0,100,0,0,0,0),
(1070110,7,1,12,0,1,999,41,90002,600,43,32104,1,'2016-07-06 04:58:00','2026-07-06 04:58:00',1,999999,0,0,100,0,0,0,0),
(1070111,7,1,12,0,1,999,41,90002,600,43,32105,1,'2016-07-06 04:58:00','2026-07-06 04:58:00',1,999999,0,0,100,0,0,0,0),
(1070112,7,1,12,0,1,999,41,90002,600,43,32201,1,'2016-07-06 04:58:00','2026-07-06 04:58:00',1,999999,0,0,100,0,0,0,0),
(1070113,7,1,12,0,1,999,41,90002,600,43,32202,1,'2016-07-06 04:58:00','2026-07-06 04:58:00',1,999999,0,0,100,0,0,0,0),
(1070114,7,1,12,0,1,999,41,90002,600,43,32203,1,'2016-07-06 04:58:00','2026-07-06 04:58:00',1,999999,0,0,100,0,0,0,0),
(1070115,7,1,12,0,1,999,41,90002,600,43,32204,1,'2016-07-06 04:58:00','2026-07-06 04:58:00',1,999999,0,0,100,0,0,0,0),
(1070116,7,1,12,0,1,999,41,90002,600,43,32205,1,'2016-07-06 04:58:00','2026-07-06 04:58:00',1,999999,0,0,100,0,0,0,0),
(1070117,7,1,12,0,1,999,41,90002,600,43,32301,1,'2016-07-06 04:58:00','2026-07-06 04:58:00',1,999999,0,0,100,0,0,0,0),
(1070118,7,1,12,0,1,999,41,90002,600,43,32302,1,'2016-07-06 04:58:00','2026-07-06 04:58:00',1,999999,0,0,100,0,0,0,0),
(1070119,7,1,12,0,1,999,41,90002,600,43,32303,1,'2016-07-06 04:58:00','2026-07-06 04:58:00',1,999999,0,0,100,0,0,0,0),
(1070120,7,1,12,0,1,999,41,90002,600,43,32304,1,'2016-07-06 04:58:00','2026-07-06 04:58:00',1,999999,0,0,100,0,0,0,0),
(1070121,7,1,12,0,1,999,41,90002,600,43,32305,1,'2016-07-06 04:58:00','2026-07-06 04:58:00',1,999999,0,0,100,0,0,0,0),
(1070122,7,1,12,0,1,999,41,90002,600,43,32401,1,'2016-07-06 04:58:00','2026-07-06 04:58:00',1,999999,0,0,100,0,0,0,0),
(1070123,7,1,12,0,1,999,41,90002,600,43,32402,1,'2016-07-06 04:58:00','2026-07-06 04:58:00',1,999999,0,0,100,0,0,0,0),
(1070124,7,1,12,0,1,999,41,90002,600,43,32403,1,'2016-07-06 04:58:00','2026-07-06 04:58:00',1,999999,0,0,100,0,0,0,0),
(1070125,7,1,12,0,1,999,41,90002,600,43,32404,1,'2016-07-06 04:58:00','2026-07-06 04:58:00',1,999999,0,0,100,0,0,0,0),
(1070126,7,1,12,0,1,999,41,90002,600,43,32405,1,'2016-07-06 04:58:00','2026-07-06 04:58:00',1,999999,0,0,100,0,0,0,0),
(1070127,7,1,12,0,1,999,41,90002,600,43,33001,1,'2016-07-06 04:58:00','2026-07-06 04:58:00',1,999999,0,0,100,0,0,0,0),
(1070128,7,1,12,0,1,999,41,90002,600,43,33002,1,'2016-07-06 04:58:00','2026-07-06 04:58:00',1,999999,0,0,100,0,0,0,0),
(1070129,7,1,12,0,1,999,41,90002,600,43,33003,1,'2016-07-06 04:58:00','2026-07-06 04:58:00',1,999999,0,0,100,0,0,0,0),
(1070130,7,1,12,0,1,999,41,90002,600,43,33004,1,'2016-07-06 04:58:00','2026-07-06 04:58:00',1,999999,0,0,100,0,0,0,0),
(1070131,7,1,12,0,1,999,41,90002,600,43,33005,1,'2016-07-06 04:58:00','2026-07-06 04:58:00',1,999999,0,0,100,0,0,0,0),
(1070132,7,1,12,0,1,999,41,90002,600,43,33101,1,'2016-07-06 04:58:00','2026-07-06 04:58:00',1,999999,0,0,100,0,0,0,0),
(1070133,7,1,12,0,1,999,41,90002,600,43,33102,1,'2016-07-06 04:58:00','2026-07-06 04:58:00',1,999999,0,0,100,0,0,0,0),
(1070134,7,1,12,0,1,999,41,90002,600,43,33103,1,'2016-07-06 04:58:00','2026-07-06 04:58:00',1,999999,0,0,100,0,0,0,0),
(1070135,7,1,12,0,1,999,41,90002,600,43,33104,1,'2016-07-06 04:58:00','2026-07-06 04:58:00',1,999999,0,0,100,0,0,0,0),
(1070136,7,1,12,0,1,999,41,90002,600,43,33105,1,'2016-07-06 04:58:00','2026-07-06 04:58:00',1,999999,0,0,100,0,0,0,0),
(1070137,7,1,12,0,1,999,41,90002,600,43,33201,1,'2016-07-06 04:58:00','2026-07-06 04:58:00',1,999999,0,0,100,0,0,0,0),
(1070138,7,1,12,0,1,999,41,90002,600,43,33202,1,'2016-07-06 04:58:00','2026-07-06 04:58:00',1,999999,0,0,100,0,0,0,0),
(1070139,7,1,12,0,1,999,41,90002,600,43,33203,1,'2016-07-06 04:58:00','2026-07-06 04:58:00',1,999999,0,0,100,0,0,0,0),
(1070140,7,1,12,0,1,999,41,90002,600,43,33204,1,'2016-07-06 04:58:00','2026-07-06 04:58:00',1,999999,0,0,100,0,0,0,0),
(1070141,7,1,12,0,1,999,41,90002,600,43,33205,1,'2016-07-06 04:58:00','2026-07-06 04:58:00',1,999999,0,0,100,0,0,0,0),
(1070142,7,1,12,0,1,999,41,90002,600,43,33301,1,'2016-07-06 04:58:00','2026-07-06 04:58:00',1,999999,0,0,100,0,0,0,0),
(1070143,7,1,12,0,1,999,41,90002,600,43,33302,1,'2016-07-06 04:58:00','2026-07-06 04:58:00',1,999999,0,0,100,0,0,0,0),
(1070144,7,1,12,0,1,999,41,90002,600,43,33303,1,'2016-07-06 04:58:00','2026-07-06 04:58:00',1,999999,0,0,100,0,0,0,0),
(1070145,7,1,12,0,1,999,41,90002,600,43,33304,1,'2016-07-06 04:58:00','2026-07-06 04:58:00',1,999999,0,0,100,0,0,0,0),
(1070146,7,1,12,0,1,999,41,90002,600,43,33305,1,'2016-07-06 04:58:00','2026-07-06 04:58:00',1,999999,0,0,100,0,0,0,0),
(1070147,7,1,12,0,1,999,41,90002,600,43,33401,1,'2016-07-06 04:58:00','2026-07-06 04:58:00',1,999999,0,0,100,0,0,0,0),
(1070148,7,1,12,0,1,999,41,90002,600,43,33402,1,'2016-07-06 04:58:00','2026-07-06 04:58:00',1,999999,0,0,100,0,0,0,0),
(1070149,7,1,12,0,1,999,41,90002,600,43,33403,1,'2016-07-06 04:58:00','2026-07-06 04:58:00',1,999999,0,0,100,0,0,0,0),
(1070150,7,1,12,0,1,999,41,90002,600,43,33404,1,'2016-07-06 04:58:00','2026-07-06 04:58:00',1,999999,0,0,100,0,0,0,0),
(1070151,7,1,12,0,1,999,41,90002,600,43,33405,1,'2016-07-06 04:58:00','2026-07-06 04:58:00',1,999999,0,0,100,0,0,0,0),
(1070152,7,1,12,0,1,999,41,90002,600,43,34001,1,'2016-07-06 04:58:00','2026-07-06 04:58:00',1,999999,0,0,100,0,0,0,0),
(1070153,7,1,12,0,1,999,41,90002,600,43,34002,1,'2016-07-06 04:58:00','2026-07-06 04:58:00',1,999999,0,0,100,0,0,0,0),
(1070154,7,1,12,0,1,999,41,90002,600,43,34003,1,'2016-07-06 04:58:00','2026-07-06 04:58:00',1,999999,0,0,100,0,0,0,0),
(1070155,7,1,12,0,1,999,41,90002,600,43,34004,1,'2016-07-06 04:58:00','2026-07-06 04:58:00',1,999999,0,0,100,0,0,0,0),
(1070156,7,1,12,0,1,999,41,90002,600,43,34005,1,'2016-07-06 04:58:00','2026-07-06 04:58:00',1,999999,0,0,100,0,0,0,0),
(1070157,7,1,12,0,1,999,41,90002,600,43,34101,1,'2016-07-06 04:58:00','2026-07-06 04:58:00',1,999999,0,0,100,0,0,0,0),
(1070158,7,1,12,0,1,999,41,90002,600,43,34102,1,'2016-07-06 04:58:00','2026-07-06 04:58:00',1,999999,0,0,100,0,0,0,0),
(1070159,7,1,12,0,1,999,41,90002,600,43,34103,1,'2016-07-06 04:58:00','2026-07-06 04:58:00',1,999999,0,0,100,0,0,0,0),
(1070160,7,1,12,0,1,999,41,90002,600,43,34104,1,'2016-07-06 04:58:00','2026-07-06 04:58:00',1,999999,0,0,100,0,0,0,0),
(1070161,7,1,12,0,1,999,41,90002,600,43,34105,1,'2016-07-06 04:58:00','2026-07-06 04:58:00',1,999999,0,0,100,0,0,0,0),
(1070162,7,1,12,0,1,999,41,90002,600,43,34201,1,'2016-07-06 04:58:00','2026-07-06 04:58:00',1,999999,0,0,100,0,0,0,0),
(1070163,7,1,12,0,1,999,41,90002,600,43,34202,1,'2016-07-06 04:58:00','2026-07-06 04:58:00',1,999999,0,0,100,0,0,0,0),
(1070164,7,1,12,0,1,999,41,90002,600,43,34203,1,'2016-07-06 04:58:00','2026-07-06 04:58:00',1,999999,0,0,100,0,0,0,0),
(1070165,7,1,12,0,1,999,41,90002,600,43,34204,1,'2016-07-06 04:58:00','2026-07-06 04:58:00',1,999999,0,0,100,0,0,0,0),
(1070166,7,1,12,0,1,999,41,90002,600,43,34205,1,'2016-07-06 04:58:00','2026-07-06 04:58:00',1,999999,0,0,100,0,0,0,0),
(1070167,7,1,12,0,1,999,41,90002,600,43,34301,1,'2016-07-06 04:58:00','2026-07-06 04:58:00',1,999999,0,0,100,0,0,0,0),
(1070168,7,1,12,0,1,999,41,90002,600,43,34302,1,'2016-07-06 04:58:00','2026-07-06 04:58:00',1,999999,0,0,100,0,0,0,0),
(1070169,7,1,12,0,1,999,41,90002,600,43,34303,1,'2016-07-06 04:58:00','2026-07-06 04:58:00',1,999999,0,0,100,0,0,0,0),
(1070170,7,1,12,0,1,999,41,90002,600,43,34304,1,'2016-07-06 04:58:00','2026-07-06 04:58:00',1,999999,0,0,100,0,0,0,0),
(1070171,7,1,12,0,1,999,41,90002,600,43,34305,1,'2016-07-06 04:58:00','2026-07-06 04:58:00',1,999999,0,0,100,0,0,0,0),
(1070172,7,1,12,0,1,999,41,90002,600,43,34401,1,'2016-07-06 04:58:00','2026-07-06 04:58:00',1,999999,0,0,100,0,0,0,0),
(1070173,7,1,12,0,1,999,41,90002,600,43,34402,1,'2016-07-06 04:58:00','2026-07-06 04:58:00',1,999999,0,0,100,0,0,0,0),
(1070174,7,1,12,0,1,999,41,90002,600,43,34403,1,'2016-07-06 04:58:00','2026-07-06 04:58:00',1,999999,0,0,100,0,0,0,0),
(1070175,7,1,12,0,1,999,41,90002,600,43,34404,1,'2016-07-06 04:58:00','2026-07-06 04:58:00',1,999999,0,0,100,0,0,0,0),
(1070176,7,1,12,0,1,999,41,90002,600,43,34405,1,'2016-07-06 04:58:00','2026-07-06 04:58:00',1,999999,0,0,100,0,0,0,0),
(1070177,7,1,12,0,1,999,41,90002,600,43,35001,1,'2016-07-06 04:58:00','2026-07-06 04:58:00',1,999999,0,0,100,0,0,0,0),
(1070178,7,1,12,0,1,999,41,90002,600,43,35002,1,'2016-07-06 04:58:00','2026-07-06 04:58:00',1,999999,0,0,100,0,0,0,0),
(1070179,7,1,12,0,1,999,41,90002,600,43,35003,1,'2016-07-06 04:58:00','2026-07-06 04:58:00',1,999999,0,0,100,0,0,0,0),
(1070180,7,1,12,0,1,999,41,90002,600,43,35004,1,'2016-07-06 04:58:00','2026-07-06 04:58:00',1,999999,0,0,100,0,0,0,0),
(1070181,7,1,12,0,1,999,41,90002,600,43,35005,1,'2016-07-06 04:58:00','2026-07-06 04:58:00',1,999999,0,0,100,0,0,0,0),
(1070182,7,1,12,0,1,999,41,90002,600,43,35101,1,'2016-07-06 04:58:00','2026-07-06 04:58:00',1,999999,0,0,100,0,0,0,0),
(1070183,7,1,12,0,1,999,41,90002,600,43,35102,1,'2016-07-06 04:58:00','2026-07-06 04:58:00',1,999999,0,0,100,0,0,0,0),
(1070184,7,1,12,0,1,999,41,90002,600,43,35103,1,'2016-07-06 04:58:00','2026-07-06 04:58:00',1,999999,0,0,100,0,0,0,0),
(1070185,7,1,12,0,1,999,41,90002,600,43,35104,1,'2016-07-06 04:58:00','2026-07-06 04:58:00',1,999999,0,0,100,0,0,0,0),
(1070186,7,1,12,0,1,999,41,90002,600,43,35105,1,'2016-07-06 04:58:00','2026-07-06 04:58:00',1,999999,0,0,100,0,0,0,0),
(1070187,7,1,12,0,1,999,41,90002,600,43,35201,1,'2016-07-06 04:58:00','2026-07-06 04:58:00',1,999999,0,0,100,0,0,0,0),
(1070188,7,1,12,0,1,999,41,90002,600,43,35202,1,'2016-07-06 04:58:00','2026-07-06 04:58:00',1,999999,0,0,100,0,0,0,0),
(1070189,7,1,12,0,1,999,41,90002,600,43,35203,1,'2016-07-06 04:58:00','2026-07-06 04:58:00',1,999999,0,0,100,0,0,0,0),
(1070190,7,1,12,0,1,999,41,90002,600,43,35204,1,'2016-07-06 04:58:00','2026-07-06 04:58:00',1,999999,0,0,100,0,0,0,0),
(1070191,7,1,12,0,1,999,41,90002,600,43,35205,1,'2016-07-06 04:58:00','2026-07-06 04:58:00',1,999999,0,0,100,0,0,0,0),
(1070192,7,1,12,0,1,999,41,90002,600,43,35301,1,'2016-07-06 04:58:00','2026-07-06 04:58:00',1,999999,0,0,100,0,0,0,0),
(1070193,7,1,12,0,1,999,41,90002,600,43,35302,1,'2016-07-06 04:58:00','2026-07-06 04:58:00',1,999999,0,0,100,0,0,0,0),
(1070194,7,1,12,0,1,999,41,90002,600,43,35303,1,'2016-07-06 04:58:00','2026-07-06 04:58:00',1,999999,0,0,100,0,0,0,0),
(1070195,7,1,12,0,1,999,41,90002,600,43,35304,1,'2016-07-06 04:58:00','2026-07-06 04:58:00',1,999999,0,0,100,0,0,0,0),
(1070196,7,1,12,0,1,999,41,90002,600,43,35305,1,'2016-07-06 04:58:00','2026-07-06 04:58:00',1,999999,0,0,100,0,0,0,0),
(1070197,7,1,12,0,1,999,41,90002,600,43,35401,1,'2016-07-06 04:58:00','2026-07-06 04:58:00',1,999999,0,0,100,0,0,0,0),
(1070198,7,1,12,0,1,999,41,90002,600,43,35402,1,'2016-07-06 04:58:00','2026-07-06 04:58:00',1,999999,0,0,100,0,0,0,0),
(1070199,7,1,12,0,1,999,41,90002,600,43,35403,1,'2016-07-06 04:58:00','2026-07-06 04:58:00',1,999999,0,0,100,0,0,0,0),
(1070200,7,1,12,0,1,999,41,90002,600,43,35404,1,'2016-07-06 04:58:00','2026-07-06 04:58:00',1,999999,0,0,100,0,0,0,0),
(1070201,7,1,12,0,1,999,41,90002,600,43,35405,1,'2016-07-06 04:58:00','2026-07-06 04:58:00',1,999999,0,0,100,0,0,0,0),
(1070202,7,1,12,0,1,999,41,90002,600,43,36001,1,'2016-07-06 04:58:00','2026-07-06 04:58:00',1,999999,0,0,100,0,0,0,0),
(1070203,7,1,12,0,1,999,41,90002,600,43,36002,1,'2016-07-06 04:58:00','2026-07-06 04:58:00',1,999999,0,0,100,0,0,0,0),
(1070204,7,1,12,0,1,999,41,90002,600,43,36003,1,'2016-07-06 04:58:00','2026-07-06 04:58:00',1,999999,0,0,100,0,0,0,0),
(1070205,7,1,12,0,1,999,41,90002,600,43,36004,1,'2016-07-06 04:58:00','2026-07-06 04:58:00',1,999999,0,0,100,0,0,0,0),
(1070206,7,1,12,0,1,999,41,90002,600,43,36005,1,'2016-07-06 04:58:00','2026-07-06 04:58:00',1,999999,0,0,100,0,0,0,0),
(1070207,7,1,12,0,1,999,41,90002,600,43,36101,1,'2016-07-06 04:58:00','2026-07-06 04:58:00',1,999999,0,0,100,0,0,0,0),
(1070208,7,1,12,0,1,999,41,90002,600,43,36102,1,'2016-07-06 04:58:00','2026-07-06 04:58:00',1,999999,0,0,100,0,0,0,0),
(1070209,7,1,12,0,1,999,41,90002,600,43,36103,1,'2016-07-06 04:58:00','2026-07-06 04:58:00',1,999999,0,0,100,0,0,0,0),
(1070210,7,1,12,0,1,999,41,90002,600,43,36104,1,'2016-07-06 04:58:00','2026-07-06 04:58:00',1,999999,0,0,100,0,0,0,0),
(1070211,7,1,12,0,1,999,41,90002,600,43,36105,1,'2016-07-06 04:58:00','2026-07-06 04:58:00',1,999999,0,0,100,0,0,0,0),
(1070212,7,1,12,0,1,999,41,90002,600,43,36201,1,'2016-07-06 04:58:00','2026-07-06 04:58:00',1,999999,0,0,100,0,0,0,0),
(1070213,7,1,12,0,1,999,41,90002,600,43,36202,1,'2016-07-06 04:58:00','2026-07-06 04:58:00',1,999999,0,0,100,0,0,0,0),
(1070214,7,1,12,0,1,999,41,90002,600,43,36203,1,'2016-07-06 04:58:00','2026-07-06 04:58:00',1,999999,0,0,100,0,0,0,0),
(1070215,7,1,12,0,1,999,41,90002,600,43,36204,1,'2016-07-06 04:58:00','2026-07-06 04:58:00',1,999999,0,0,100,0,0,0,0),
(1070216,7,1,12,0,1,999,41,90002,600,43,36205,1,'2016-07-06 04:58:00','2026-07-06 04:58:00',1,999999,0,0,100,0,0,0,0),
(1070217,7,1,12,0,1,999,41,90002,600,43,36301,1,'2016-07-06 04:58:00','2026-07-06 04:58:00',1,999999,0,0,100,0,0,0,0),
(1070218,7,1,12,0,1,999,41,90002,600,43,36302,1,'2016-07-06 04:58:00','2026-07-06 04:58:00',1,999999,0,0,100,0,0,0,0),
(1070219,7,1,12,0,1,999,41,90002,600,43,36303,1,'2016-07-06 04:58:00','2026-07-06 04:58:00',1,999999,0,0,100,0,0,0,0),
(1070220,7,1,12,0,1,999,41,90002,600,43,36304,1,'2016-07-06 04:58:00','2026-07-06 04:58:00',1,999999,0,0,100,0,0,0,0),
(1070221,7,1,12,0,1,999,41,90002,600,43,36305,1,'2016-07-06 04:58:00','2026-07-06 04:58:00',1,999999,0,0,100,0,0,0,0),
(1070222,7,1,12,0,1,999,41,90002,600,43,36401,1,'2016-07-06 04:58:00','2026-07-06 04:58:00',1,999999,0,0,100,0,0,0,0),
(1070223,7,1,12,0,1,999,41,90002,600,43,36402,1,'2016-07-06 04:58:00','2026-07-06 04:58:00',1,999999,0,0,100,0,0,0,0),
(1070224,7,1,12,0,1,999,41,90002,600,43,36403,1,'2016-07-06 04:58:00','2026-07-06 04:58:00',1,999999,0,0,100,0,0,0,0),
(1070225,7,1,12,0,1,999,41,90002,600,43,36404,1,'2016-07-06 04:58:00','2026-07-06 04:58:00',1,999999,0,0,100,0,0,0,0),
(1070226,7,1,12,0,1,999,41,90002,600,43,36405,1,'2016-07-06 04:58:00','2026-07-06 04:58:00',1,999999,0,0,100,0,0,0,0);
/*!40000 ALTER TABLE `product` ENABLE KEYS */;
UNLOCK TABLES;

--
-- Table structure for table `lucky_draw`
--

DROP TABLE IF EXISTS `lucky_draw`;
/*!40101 SET @saved_cs_client     = @@character_set_client */;
/*!40101 SET character_set_client = utf8 */;
CREATE TABLE `lucky_draw` (
  `gid` int(10) unsigned NOT NULL AUTO_INCREMENT,
  `pool_type` tinyint(4) DEFAULT '0',
  `sub_type` tinyint(4) DEFAULT '0',
  `vip_min` int(10) unsigned DEFAULT '0',
  `vip_max` int(10) unsigned DEFAULT '10000',
  `player_lv_min` int(10) unsigned DEFAULT '0',
  `player_lv_max` int(10) unsigned DEFAULT '10000',
  `reward_item_type` int(10) unsigned DEFAULT '0',
  `reward_item_id` int(10) unsigned DEFAULT '0',
  `reward_item_value` int(10) unsigned DEFAULT '0',
  `weight` int(10) unsigned DEFAULT '0',
  `reward_item_name` varchar(256) DEFAULT 'normal',
  `reward_item_quality` int(10) unsigned DEFAULT '0',
  `begin_time` timestamp NOT NULL DEFAULT '0000-00-00 00:00:00',
  `end_time` timestamp NOT NULL DEFAULT '0000-00-00 00:00:00',
  PRIMARY KEY (`gid`)
) ENGINE=InnoDB AUTO_INCREMENT=1104029 DEFAULT CHARSET=utf8;
/*!40101 SET character_set_client = @saved_cs_client */;

--
-- Dumping data for table `lucky_draw`
--

LOCK TABLES `lucky_draw` WRITE;
/*!40000 ALTER TABLE `lucky_draw` DISABLE KEYS */;
INSERT INTO `lucky_draw` VALUES (1011001,1,1,0,99,0,999,41,90401,1,0,'',1,'2017-03-05 16:00:00','2027-03-05 16:00:00'),
(1011002,1,1,0,99,0,999,41,21001,1,600,'',1,'2017-03-05 16:00:00','2027-03-05 16:00:00'),
(1011003,1,1,0,99,0,999,41,21002,1,600,'',1,'2017-03-05 16:00:00','2027-03-05 16:00:00'),
(1011004,1,1,0,99,0,999,41,21003,1,600,'',1,'2017-03-05 16:00:00','2027-03-05 16:00:00'),
(1011005,1,1,0,99,0,999,41,21008,1,600,'',1,'2017-03-05 16:00:00','2027-03-05 16:00:00'),
(1011006,1,1,0,99,0,999,41,21012,1,600,'',1,'2017-03-05 16:00:00','2027-03-05 16:00:00'),
(1011007,1,1,0,99,0,999,41,21014,1,600,'',1,'2017-03-05 16:00:00','2027-03-05 16:00:00'),
(1011008,1,1,0,99,0,999,41,21022,1,600,'',1,'2017-03-05 16:00:00','2027-03-05 16:00:00'),
(1011009,1,1,0,99,0,999,41,21024,1,600,'',1,'2017-03-05 16:00:00','2027-03-05 16:00:00'),
(1011010,1,1,0,99,0,999,41,21028,1,600,'',1,'2017-03-05 16:00:00','2027-03-05 16:00:00'),
(1011011,1,1,0,99,0,999,41,22001,1,600,'',1,'2017-03-05 16:00:00','2027-03-05 16:00:00'),
(1011012,1,1,0,99,0,999,41,22002,1,600,'',1,'2017-03-05 16:00:00','2027-03-05 16:00:00'),
(1011013,1,1,0,99,0,999,41,22003,1,600,'',1,'2017-03-05 16:00:00','2027-03-05 16:00:00'),
(1011014,1,1,0,99,0,999,41,22008,1,600,'',1,'2017-03-05 16:00:00','2027-03-05 16:00:00'),
(1011015,1,1,0,99,0,999,41,22012,1,600,'',1,'2017-03-05 16:00:00','2027-03-05 16:00:00'),
(1011016,1,1,0,99,0,999,41,22014,1,600,'',1,'2017-03-05 16:00:00','2027-03-05 16:00:00'),
(1011017,1,1,0,99,0,999,41,22022,1,600,'',1,'2017-03-05 16:00:00','2027-03-05 16:00:00'),
(1011018,1,1,0,99,0,999,41,22024,1,600,'',1,'2017-03-05 16:00:00','2027-03-05 16:00:00'),
(1011019,1,1,0,99,0,999,41,22028,1,600,'',1,'2017-03-05 16:00:00','2027-03-05 16:00:00'),
(1012001,1,2,0,99,0,999,41,90401,1,0,'',1,'2017-03-05 16:00:00','2027-03-05 16:00:00'),
(1012002,1,2,0,99,0,999,41,21001,1,600,'',1,'2017-03-05 16:00:00','2027-03-05 16:00:00'),
(1012003,1,2,0,99,0,999,41,21002,1,600,'',1,'2017-03-05 16:00:00','2027-03-05 16:00:00'),
(1012004,1,2,0,99,0,999,41,21003,1,600,'',1,'2017-03-05 16:00:00','2027-03-05 16:00:00'),
(1012005,1,2,0,99,0,999,41,21008,1,600,'',1,'2017-03-05 16:00:00','2027-03-05 16:00:00'),
(1012006,1,2,0,99,0,999,41,21012,1,600,'',1,'2017-03-05 16:00:00','2027-03-05 16:00:00'),
(1012007,1,2,0,99,0,999,41,21014,1,600,'',1,'2017-03-05 16:00:00','2027-03-05 16:00:00'),
(1012008,1,2,0,99,0,999,41,21022,1,600,'',1,'2017-03-05 16:00:00','2027-03-05 16:00:00'),
(1012009,1,2,0,99,0,999,41,21024,1,600,'',1,'2017-03-05 16:00:00','2027-03-05 16:00:00'),
(1012010,1,2,0,99,0,999,41,21028,1,600,'',1,'2017-03-05 16:00:00','2027-03-05 16:00:00'),
(1012011,1,2,0,99,0,999,41,22001,1,600,'',1,'2017-03-05 16:00:00','2027-03-05 16:00:00'),
(1012012,1,2,0,99,0,999,41,22002,1,600,'',1,'2017-03-05 16:00:00','2027-03-05 16:00:00'),
(1012013,1,2,0,99,0,999,41,22003,1,600,'',1,'2017-03-05 16:00:00','2027-03-05 16:00:00'),
(1012014,1,2,0,99,0,999,41,22008,1,600,'',1,'2017-03-05 16:00:00','2027-03-05 16:00:00'),
(1012015,1,2,0,99,0,999,41,22012,1,600,'',1,'2017-03-05 16:00:00','2027-03-05 16:00:00'),
(1012016,1,2,0,99,0,999,41,22014,1,600,'',1,'2017-03-05 16:00:00','2027-03-05 16:00:00'),
(1012017,1,2,0,99,0,999,41,22022,1,600,'',1,'2017-03-05 16:00:00','2027-03-05 16:00:00'),
(1012018,1,2,0,99,0,999,41,22024,1,600,'',1,'2017-03-05 16:00:00','2027-03-05 16:00:00'),
(1012019,1,2,0,99,0,999,41,22028,1,600,'',1,'2017-03-05 16:00:00','2027-03-05 16:00:00'),
(1013001,1,3,0,99,0,999,41,90401,1,0,'',1,'2017-03-05 16:00:00','2027-03-05 16:00:00'),
(1013002,1,3,0,99,0,999,41,21001,1,600,'',1,'2017-03-05 16:00:00','2027-03-05 16:00:00'),
(1013003,1,3,0,99,0,999,41,21002,1,600,'',1,'2017-03-05 16:00:00','2027-03-05 16:00:00'),
(1013004,1,3,0,99,0,999,41,21003,1,600,'',1,'2017-03-05 16:00:00','2027-03-05 16:00:00'),
(1013005,1,3,0,99,0,999,41,21008,1,600,'',1,'2017-03-05 16:00:00','2027-03-05 16:00:00'),
(1013006,1,3,0,99,0,999,41,21012,1,600,'',1,'2017-03-05 16:00:00','2027-03-05 16:00:00'),
(1013007,1,3,0,99,0,999,41,21014,1,600,'',1,'2017-03-05 16:00:00','2027-03-05 16:00:00'),
(1013008,1,3,0,99,0,999,41,21022,1,600,'',1,'2017-03-05 16:00:00','2027-03-05 16:00:00'),
(1013009,1,3,0,99,0,999,41,21024,1,600,'',1,'2017-03-05 16:00:00','2027-03-05 16:00:00'),
(1013010,1,3,0,99,0,999,41,21028,1,600,'',1,'2017-03-05 16:00:00','2027-03-05 16:00:00'),
(1013011,1,3,0,99,0,999,41,22001,1,600,'',1,'2017-03-05 16:00:00','2027-03-05 16:00:00'),
(1013012,1,3,0,99,0,999,41,22002,1,600,'',1,'2017-03-05 16:00:00','2027-03-05 16:00:00'),
(1013013,1,3,0,99,0,999,41,22003,1,600,'',1,'2017-03-05 16:00:00','2027-03-05 16:00:00'),
(1013014,1,3,0,99,0,999,41,22008,1,600,'',1,'2017-03-05 16:00:00','2027-03-05 16:00:00'),
(1013015,1,3,0,99,0,999,41,22012,1,600,'',1,'2017-03-05 16:00:00','2027-03-05 16:00:00'),
(1013016,1,3,0,99,0,999,41,22014,1,600,'',1,'2017-03-05 16:00:00','2027-03-05 16:00:00'),
(1013017,1,3,0,99,0,999,41,22022,1,600,'',1,'2017-03-05 16:00:00','2027-03-05 16:00:00'),
(1013018,1,3,0,99,0,999,41,22024,1,600,'',1,'2017-03-05 16:00:00','2027-03-05 16:00:00'),
(1013019,1,3,0,99,0,999,41,22028,1,600,'',1,'2017-03-05 16:00:00','2027-03-05 16:00:00'),
(1014001,1,4,0,99,0,999,41,90401,1,0,'',1,'2017-03-05 16:00:00','2027-03-05 16:00:00'),
(1014002,1,4,0,99,0,999,41,21001,1,600,'',1,'2017-03-05 16:00:00','2027-03-05 16:00:00'),
(1014003,1,4,0,99,0,999,41,21002,1,600,'',1,'2017-03-05 16:00:00','2027-03-05 16:00:00'),
(1014004,1,4,0,99,0,999,41,21003,1,600,'',1,'2017-03-05 16:00:00','2027-03-05 16:00:00'),
(1014005,1,4,0,99,0,999,41,21008,1,600,'',1,'2017-03-05 16:00:00','2027-03-05 16:00:00'),
(1014006,1,4,0,99,0,999,41,21012,1,600,'',1,'2017-03-05 16:00:00','2027-03-05 16:00:00'),
(1014007,1,4,0,99,0,999,41,21014,1,600,'',1,'2017-03-05 16:00:00','2027-03-05 16:00:00'),
(1014008,1,4,0,99,0,999,41,21022,1,600,'',1,'2017-03-05 16:00:00','2027-03-05 16:00:00'),
(1014009,1,4,0,99,0,999,41,21024,1,600,'',1,'2017-03-05 16:00:00','2027-03-05 16:00:00'),
(1014010,1,4,0,99,0,999,41,21028,1,600,'',1,'2017-03-05 16:00:00','2027-03-05 16:00:00'),
(1014011,1,4,0,99,0,999,41,22001,1,600,'',1,'2017-03-05 16:00:00','2027-03-05 16:00:00'),
(1014012,1,4,0,99,0,999,41,22002,1,600,'',1,'2017-03-05 16:00:00','2027-03-05 16:00:00'),
(1014013,1,4,0,99,0,999,41,22003,1,600,'',1,'2017-03-05 16:00:00','2027-03-05 16:00:00'),
(1014014,1,4,0,99,0,999,41,22008,1,600,'',1,'2017-03-05 16:00:00','2027-03-05 16:00:00'),
(1014015,1,4,0,99,0,999,41,22012,1,600,'',1,'2017-03-05 16:00:00','2027-03-05 16:00:00'),
(1014016,1,4,0,99,0,999,41,22014,1,600,'',1,'2017-03-05 16:00:00','2027-03-05 16:00:00'),
(1014017,1,4,0,99,0,999,41,22022,1,600,'',1,'2017-03-05 16:00:00','2027-03-05 16:00:00'),
(1014018,1,4,0,99,0,999,41,22024,1,600,'',1,'2017-03-05 16:00:00','2027-03-05 16:00:00'),
(1014019,1,4,0,99,0,999,41,22028,1,600,'',1,'2017-03-05 16:00:00','2027-03-05 16:00:00'),
(1021001,2,1,0,99,0,999,41,90402,1,0,'',1,'2017-03-05 16:00:00','2027-03-05 16:00:00'),
(1021002,2,1,0,99,0,999,41,21001,1,500,'',1,'2017-03-05 16:00:00','2027-03-05 16:00:00'),
(1021003,2,1,0,99,0,999,41,21002,1,500,'',1,'2017-03-05 16:00:00','2027-03-05 16:00:00'),
(1021004,2,1,0,99,0,999,41,21003,1,500,'',1,'2017-03-05 16:00:00','2027-03-05 16:00:00'),
(1021005,2,1,0,99,0,999,41,21008,1,500,'',1,'2017-03-05 16:00:00','2027-03-05 16:00:00'),
(1021006,2,1,0,99,0,999,41,21012,1,500,'',1,'2017-03-05 16:00:00','2027-03-05 16:00:00'),
(1021007,2,1,0,99,0,999,41,21014,1,500,'',1,'2017-03-05 16:00:00','2027-03-05 16:00:00'),
(1021008,2,1,0,99,0,999,41,21022,1,500,'',1,'2017-03-05 16:00:00','2027-03-05 16:00:00'),
(1021009,2,1,0,99,0,999,41,21024,1,500,'',1,'2017-03-05 16:00:00','2027-03-05 16:00:00'),
(1021010,2,1,0,99,0,999,41,21028,1,500,'',1,'2017-03-05 16:00:00','2027-03-05 16:00:00'),
(1021011,2,1,0,99,0,999,41,22001,1,500,'',1,'2017-03-05 16:00:00','2027-03-05 16:00:00'),
(1021012,2,1,0,99,0,999,41,22002,1,500,'',1,'2017-03-05 16:00:00','2027-03-05 16:00:00'),
(1021013,2,1,0,99,0,999,41,22003,1,500,'',1,'2017-03-05 16:00:00','2027-03-05 16:00:00'),
(1021014,2,1,0,99,0,999,41,22008,1,500,'',1,'2017-03-05 16:00:00','2027-03-05 16:00:00'),
(1021015,2,1,0,99,0,999,41,22012,1,500,'',1,'2017-03-05 16:00:00','2027-03-05 16:00:00'),
(1021016,2,1,0,99,0,999,41,22014,1,500,'',1,'2017-03-05 16:00:00','2027-03-05 16:00:00'),
(1021017,2,1,0,99,0,999,41,22022,1,500,'',1,'2017-03-05 16:00:00','2027-03-05 16:00:00'),
(1021018,2,1,0,99,0,999,41,22024,1,500,'',1,'2017-03-05 16:00:00','2027-03-05 16:00:00'),
(1021019,2,1,0,99,0,999,41,22028,1,500,'',1,'2017-03-05 16:00:00','2027-03-05 16:00:00'),
(1021020,2,1,0,99,0,999,42,11001,1,100,'',2,'2017-03-05 16:00:00','2027-03-05 16:00:00'),
(1021021,2,1,0,99,0,999,42,11002,1,100,'',2,'2017-03-05 16:00:00','2027-03-05 16:00:00'),
(1021022,2,1,0,99,0,999,42,11003,1,100,'',2,'2017-03-05 16:00:00','2027-03-05 16:00:00'),
(1021023,2,1,0,99,0,999,42,11008,1,100,'',2,'2017-03-05 16:00:00','2027-03-05 16:00:00'),
(1021024,2,1,0,99,0,999,42,11012,1,100,'',2,'2017-03-05 16:00:00','2027-03-05 16:00:00'),
(1021025,2,1,0,99,0,999,42,11014,1,100,'',2,'2017-03-05 16:00:00','2027-03-05 16:00:00'),
(1021026,2,1,0,99,0,999,42,11022,1,100,'',2,'2017-03-05 16:00:00','2027-03-05 16:00:00'),
(1021027,2,1,0,99,0,999,42,11024,1,100,'',2,'2017-03-05 16:00:00','2027-03-05 16:00:00'),
(1021028,2,1,0,99,0,999,42,11028,1,100,'',2,'2017-03-05 16:00:00','2027-03-05 16:00:00'),
(1022001,2,2,0,99,0,999,41,90402,1,0,'',1,'2017-03-05 16:00:00','2027-03-05 16:00:00'),
(1022002,2,2,0,99,0,999,41,21001,1,500,'',1,'2017-03-05 16:00:00','2027-03-05 16:00:00'),
(1022003,2,2,0,99,0,999,41,21002,1,500,'',1,'2017-03-05 16:00:00','2027-03-05 16:00:00'),
(1022004,2,2,0,99,0,999,41,21003,1,500,'',1,'2017-03-05 16:00:00','2027-03-05 16:00:00'),
(1022005,2,2,0,99,0,999,41,21008,1,500,'',1,'2017-03-05 16:00:00','2027-03-05 16:00:00'),
(1022006,2,2,0,99,0,999,41,21012,1,500,'',1,'2017-03-05 16:00:00','2027-03-05 16:00:00'),
(1022007,2,2,0,99,0,999,41,21014,1,500,'',1,'2017-03-05 16:00:00','2027-03-05 16:00:00'),
(1022008,2,2,0,99,0,999,41,21022,1,500,'',1,'2017-03-05 16:00:00','2027-03-05 16:00:00'),
(1022009,2,2,0,99,0,999,41,21024,1,500,'',1,'2017-03-05 16:00:00','2027-03-05 16:00:00'),
(1022010,2,2,0,99,0,999,41,21028,1,500,'',1,'2017-03-05 16:00:00','2027-03-05 16:00:00'),
(1022011,2,2,0,99,0,999,41,22001,1,500,'',1,'2017-03-05 16:00:00','2027-03-05 16:00:00'),
(1022012,2,2,0,99,0,999,41,22002,1,500,'',1,'2017-03-05 16:00:00','2027-03-05 16:00:00'),
(1022013,2,2,0,99,0,999,41,22003,1,500,'',1,'2017-03-05 16:00:00','2027-03-05 16:00:00'),
(1022014,2,2,0,99,0,999,41,22008,1,500,'',1,'2017-03-05 16:00:00','2027-03-05 16:00:00'),
(1022015,2,2,0,99,0,999,41,22012,1,500,'',1,'2017-03-05 16:00:00','2027-03-05 16:00:00'),
(1022016,2,2,0,99,0,999,41,22014,1,500,'',1,'2017-03-05 16:00:00','2027-03-05 16:00:00'),
(1022017,2,2,0,99,0,999,41,22022,1,500,'',1,'2017-03-05 16:00:00','2027-03-05 16:00:00'),
(1022018,2,2,0,99,0,999,41,22024,1,500,'',1,'2017-03-05 16:00:00','2027-03-05 16:00:00'),
(1022019,2,2,0,99,0,999,41,22028,1,500,'',1,'2017-03-05 16:00:00','2027-03-05 16:00:00'),
(1022020,2,2,0,99,0,999,42,11001,1,100,'',2,'2017-03-05 16:00:00','2027-03-05 16:00:00'),
(1022021,2,2,0,99,0,999,42,11002,1,100,'',2,'2017-03-05 16:00:00','2027-03-05 16:00:00'),
(1022022,2,2,0,99,0,999,42,11003,1,100,'',2,'2017-03-05 16:00:00','2027-03-05 16:00:00'),
(1022023,2,2,0,99,0,999,42,11008,1,100,'',2,'2017-03-05 16:00:00','2027-03-05 16:00:00'),
(1022024,2,2,0,99,0,999,42,11012,1,100,'',2,'2017-03-05 16:00:00','2027-03-05 16:00:00'),
(1022025,2,2,0,99,0,999,42,11014,1,100,'',2,'2017-03-05 16:00:00','2027-03-05 16:00:00'),
(1022026,2,2,0,99,0,999,42,11022,1,100,'',2,'2017-03-05 16:00:00','2027-03-05 16:00:00'),
(1022027,2,2,0,99,0,999,42,11024,1,100,'',2,'2017-03-05 16:00:00','2027-03-05 16:00:00'),
(1022028,2,2,0,99,0,999,42,11028,1,100,'',2,'2017-03-05 16:00:00','2027-03-05 16:00:00'),
(1023001,2,3,0,99,0,999,41,90402,1,0,'',1,'2017-03-05 16:00:00','2027-03-05 16:00:00'),
(1023002,2,3,0,99,0,999,42,11001,1,100,'',2,'2017-03-05 16:00:00','2027-03-05 16:00:00'),
(1023003,2,3,0,99,0,999,42,11002,1,100,'',2,'2017-03-05 16:00:00','2027-03-05 16:00:00'),
(1023004,2,3,0,99,0,999,42,11003,1,100,'',2,'2017-03-05 16:00:00','2027-03-05 16:00:00'),
(1023005,2,3,0,99,0,999,42,11008,1,100,'',2,'2017-03-05 16:00:00','2027-03-05 16:00:00'),
(1023006,2,3,0,99,0,999,42,11012,1,100,'',2,'2017-03-05 16:00:00','2027-03-05 16:00:00'),
(1023007,2,3,0,99,0,999,42,11014,1,100,'',2,'2017-03-05 16:00:00','2027-03-05 16:00:00'),
(1023008,2,3,0,99,0,999,42,11022,1,100,'',2,'2017-03-05 16:00:00','2027-03-05 16:00:00'),
(1023009,2,3,0,99,0,999,42,11024,1,100,'',2,'2017-03-05 16:00:00','2027-03-05 16:00:00'),
(1023010,2,3,0,99,0,999,42,11028,1,100,'',2,'2017-03-05 16:00:00','2027-03-05 16:00:00'),
(1024001,2,4,0,99,0,999,41,90402,1,0,'',1,'2017-03-05 16:00:00','2027-03-05 16:00:00'),
(1024002,2,4,0,99,0,999,42,11001,1,100,'',2,'2017-03-05 16:00:00','2027-03-05 16:00:00'),
(1024003,2,4,0,99,0,999,42,11002,1,100,'',2,'2017-03-05 16:00:00','2027-03-05 16:00:00'),
(1024004,2,4,0,99,0,999,42,11003,1,100,'',2,'2017-03-05 16:00:00','2027-03-05 16:00:00'),
(1024005,2,4,0,99,0,999,42,11008,1,100,'',2,'2017-03-05 16:00:00','2027-03-05 16:00:00'),
(1024006,2,4,0,99,0,999,42,11012,1,100,'',2,'2017-03-05 16:00:00','2027-03-05 16:00:00'),
(1024007,2,4,0,99,0,999,42,11014,1,100,'',2,'2017-03-05 16:00:00','2027-03-05 16:00:00'),
(1024008,2,4,0,99,0,999,42,11022,1,100,'',2,'2017-03-05 16:00:00','2027-03-05 16:00:00'),
(1024009,2,4,0,99,0,999,42,11024,1,100,'',2,'2017-03-05 16:00:00','2027-03-05 16:00:00'),
(1024010,2,4,0,99,0,999,42,11028,1,100,'',2,'2017-03-05 16:00:00','2027-03-05 16:00:00'),
(1031001,3,1,0,99,0,999,41,90402,1,0,'',1,'2017-03-05 16:00:00','2027-03-05 16:00:00'),
(1031002,3,1,0,99,0,999,41,21001,1,500,'',1,'2017-03-05 16:00:00','2027-03-05 16:00:00'),
(1031003,3,1,0,99,0,999,41,21002,1,500,'',1,'2017-03-05 16:00:00','2027-03-05 16:00:00'),
(1031004,3,1,0,99,0,999,41,21003,1,500,'',1,'2017-03-05 16:00:00','2027-03-05 16:00:00'),
(1031005,3,1,0,99,0,999,41,21008,1,500,'',1,'2017-03-05 16:00:00','2027-03-05 16:00:00'),
(1031006,3,1,0,99,0,999,41,21012,1,500,'',1,'2017-03-05 16:00:00','2027-03-05 16:00:00'),
(1031007,3,1,0,99,0,999,41,21014,1,500,'',1,'2017-03-05 16:00:00','2027-03-05 16:00:00'),
(1031008,3,1,0,99,0,999,41,21022,1,500,'',1,'2017-03-05 16:00:00','2027-03-05 16:00:00'),
(1031009,3,1,0,99,0,999,41,21024,1,500,'',1,'2017-03-05 16:00:00','2027-03-05 16:00:00'),
(1031010,3,1,0,99,0,999,41,21028,1,500,'',1,'2017-03-05 16:00:00','2027-03-05 16:00:00'),
(1031011,3,1,0,99,0,999,41,22001,1,500,'',1,'2017-03-05 16:00:00','2027-03-05 16:00:00'),
(1031012,3,1,0,99,0,999,41,22002,1,500,'',1,'2017-03-05 16:00:00','2027-03-05 16:00:00'),
(1031013,3,1,0,99,0,999,41,22003,1,500,'',1,'2017-03-05 16:00:00','2027-03-05 16:00:00'),
(1031014,3,1,0,99,0,999,41,22008,1,500,'',1,'2017-03-05 16:00:00','2027-03-05 16:00:00'),
(1031015,3,1,0,99,0,999,41,22012,1,500,'',1,'2017-03-05 16:00:00','2027-03-05 16:00:00'),
(1031016,3,1,0,99,0,999,41,22014,1,500,'',1,'2017-03-05 16:00:00','2027-03-05 16:00:00'),
(1031017,3,1,0,99,0,999,41,22022,1,500,'',1,'2017-03-05 16:00:00','2027-03-05 16:00:00'),
(1031018,3,1,0,99,0,999,41,22024,1,500,'',1,'2017-03-05 16:00:00','2027-03-05 16:00:00'),
(1031019,3,1,0,99,0,999,41,22028,1,500,'',1,'2017-03-05 16:00:00','2027-03-05 16:00:00'),
(1031020,3,1,0,99,0,999,42,11001,1,100,'',2,'2017-03-05 16:00:00','2027-03-05 16:00:00'),
(1031021,3,1,0,99,0,999,42,11002,1,100,'',2,'2017-03-05 16:00:00','2027-03-05 16:00:00'),
(1031022,3,1,0,99,0,999,42,11003,1,100,'',2,'2017-03-05 16:00:00','2027-03-05 16:00:00'),
(1031023,3,1,0,99,0,999,42,11008,1,100,'',2,'2017-03-05 16:00:00','2027-03-05 16:00:00'),
(1031024,3,1,0,99,0,999,42,11012,1,100,'',2,'2017-03-05 16:00:00','2027-03-05 16:00:00'),
(1031025,3,1,0,99,0,999,42,11014,1,100,'',2,'2017-03-05 16:00:00','2027-03-05 16:00:00'),
(1031026,3,1,0,99,0,999,42,11022,1,100,'',2,'2017-03-05 16:00:00','2027-03-05 16:00:00'),
(1031027,3,1,0,99,0,999,42,11024,1,100,'',2,'2017-03-05 16:00:00','2027-03-05 16:00:00'),
(1031028,3,1,0,99,0,999,42,11028,1,100,'',2,'2017-03-05 16:00:00','2027-03-05 16:00:00'),
(1032001,3,2,0,99,0,999,41,90402,1,0,'',1,'2017-03-05 16:00:00','2027-03-05 16:00:00'),
(1032002,3,2,0,99,0,999,41,21001,1,500,'',1,'2017-03-05 16:00:00','2027-03-05 16:00:00'),
(1032003,3,2,0,99,0,999,41,21002,1,500,'',1,'2017-03-05 16:00:00','2027-03-05 16:00:00'),
(1032004,3,2,0,99,0,999,41,21003,1,500,'',1,'2017-03-05 16:00:00','2027-03-05 16:00:00'),
(1032005,3,2,0,99,0,999,41,21008,1,500,'',1,'2017-03-05 16:00:00','2027-03-05 16:00:00'),
(1032006,3,2,0,99,0,999,41,21012,1,500,'',1,'2017-03-05 16:00:00','2027-03-05 16:00:00'),
(1032007,3,2,0,99,0,999,41,21014,1,500,'',1,'2017-03-05 16:00:00','2027-03-05 16:00:00'),
(1032008,3,2,0,99,0,999,41,21022,1,500,'',1,'2017-03-05 16:00:00','2027-03-05 16:00:00'),
(1032009,3,2,0,99,0,999,41,21024,1,500,'',1,'2017-03-05 16:00:00','2027-03-05 16:00:00'),
(1032010,3,2,0,99,0,999,41,21028,1,500,'',1,'2017-03-05 16:00:00','2027-03-05 16:00:00'),
(1032011,3,2,0,99,0,999,41,22001,1,500,'',1,'2017-03-05 16:00:00','2027-03-05 16:00:00'),
(1032012,3,2,0,99,0,999,41,22002,1,500,'',1,'2017-03-05 16:00:00','2027-03-05 16:00:00'),
(1032013,3,2,0,99,0,999,41,22003,1,500,'',1,'2017-03-05 16:00:00','2027-03-05 16:00:00'),
(1032014,3,2,0,99,0,999,41,22008,1,500,'',1,'2017-03-05 16:00:00','2027-03-05 16:00:00'),
(1032015,3,2,0,99,0,999,41,22012,1,500,'',1,'2017-03-05 16:00:00','2027-03-05 16:00:00'),
(1032016,3,2,0,99,0,999,41,22014,1,500,'',1,'2017-03-05 16:00:00','2027-03-05 16:00:00'),
(1032017,3,2,0,99,0,999,41,22022,1,500,'',1,'2017-03-05 16:00:00','2027-03-05 16:00:00'),
(1032018,3,2,0,99,0,999,41,22024,1,500,'',1,'2017-03-05 16:00:00','2027-03-05 16:00:00'),
(1032019,3,2,0,99,0,999,41,22028,1,500,'',1,'2017-03-05 16:00:00','2027-03-05 16:00:00'),
(1032020,3,2,0,99,0,999,42,11001,1,100,'',2,'2017-03-05 16:00:00','2027-03-05 16:00:00'),
(1032021,3,2,0,99,0,999,42,11002,1,100,'',2,'2017-03-05 16:00:00','2027-03-05 16:00:00'),
(1032022,3,2,0,99,0,999,42,11003,1,100,'',2,'2017-03-05 16:00:00','2027-03-05 16:00:00'),
(1032023,3,2,0,99,0,999,42,11008,1,100,'',2,'2017-03-05 16:00:00','2027-03-05 16:00:00'),
(1032024,3,2,0,99,0,999,42,11012,1,100,'',2,'2017-03-05 16:00:00','2027-03-05 16:00:00'),
(1032025,3,2,0,99,0,999,42,11014,1,100,'',2,'2017-03-05 16:00:00','2027-03-05 16:00:00'),
(1032026,3,2,0,99,0,999,42,11022,1,100,'',2,'2017-03-05 16:00:00','2027-03-05 16:00:00'),
(1032027,3,2,0,99,0,999,42,11024,1,100,'',2,'2017-03-05 16:00:00','2027-03-05 16:00:00'),
(1032028,3,2,0,99,0,999,42,11028,1,100,'',2,'2017-03-05 16:00:00','2027-03-05 16:00:00'),
(1033001,3,3,0,99,0,999,41,90402,1,0,'',1,'2017-03-05 16:00:00','2027-03-05 16:00:00'),
(1033002,3,3,0,99,0,999,42,11001,1,100,'',2,'2017-03-05 16:00:00','2027-03-05 16:00:00'),
(1033003,3,3,0,99,0,999,42,11002,1,100,'',2,'2017-03-05 16:00:00','2027-03-05 16:00:00'),
(1033004,3,3,0,99,0,999,42,11003,1,100,'',2,'2017-03-05 16:00:00','2027-03-05 16:00:00'),
(1033005,3,3,0,99,0,999,42,11008,1,100,'',2,'2017-03-05 16:00:00','2027-03-05 16:00:00'),
(1033006,3,3,0,99,0,999,42,11012,1,100,'',2,'2017-03-05 16:00:00','2027-03-05 16:00:00'),
(1033007,3,3,0,99,0,999,42,11014,1,100,'',2,'2017-03-05 16:00:00','2027-03-05 16:00:00'),
(1033008,3,3,0,99,0,999,42,11022,1,100,'',2,'2017-03-05 16:00:00','2027-03-05 16:00:00'),
(1033009,3,3,0,99,0,999,42,11024,1,100,'',2,'2017-03-05 16:00:00','2027-03-05 16:00:00'),
(1033010,3,3,0,99,0,999,42,11028,1,100,'',2,'2017-03-05 16:00:00','2027-03-05 16:00:00'),
(1034001,3,4,0,99,0,999,41,90402,1,0,'',1,'2017-03-05 16:00:00','2027-03-05 16:00:00'),
(1034002,3,4,0,99,0,999,42,11001,1,100,'',2,'2017-03-05 16:00:00','2027-03-05 16:00:00'),
(1034003,3,4,0,99,0,999,42,11002,1,100,'',2,'2017-03-05 16:00:00','2027-03-05 16:00:00'),
(1034004,3,4,0,99,0,999,42,11003,1,100,'',2,'2017-03-05 16:00:00','2027-03-05 16:00:00'),
(1034005,3,4,0,99,0,999,42,11008,1,100,'',2,'2017-03-05 16:00:00','2027-03-05 16:00:00'),
(1034006,3,4,0,99,0,999,42,11012,1,100,'',2,'2017-03-05 16:00:00','2027-03-05 16:00:00'),
(1034007,3,4,0,99,0,999,42,11014,1,100,'',2,'2017-03-05 16:00:00','2027-03-05 16:00:00'),
(1034008,3,4,0,99,0,999,42,11022,1,100,'',2,'2017-03-05 16:00:00','2027-03-05 16:00:00'),
(1034009,3,4,0,99,0,999,42,11024,1,100,'',2,'2017-03-05 16:00:00','2027-03-05 16:00:00'),
(1034010,3,4,0,99,0,999,42,11028,1,100,'',2,'2017-03-05 16:00:00','2027-03-05 16:00:00'),
(1041001,4,1,0,99,0,999,41,90402,1,0,'',1,'2017-03-05 16:00:00','2027-03-05 16:00:00'),
(1041002,4,1,0,99,0,999,41,21001,1,500,'',1,'2017-03-05 16:00:00','2027-03-05 16:00:00'),
(1041003,4,1,0,99,0,999,41,21002,1,500,'',1,'2017-03-05 16:00:00','2027-03-05 16:00:00'),
(1041004,4,1,0,99,0,999,41,21003,1,500,'',1,'2017-03-05 16:00:00','2027-03-05 16:00:00'),
(1041005,4,1,0,99,0,999,41,21008,1,500,'',1,'2017-03-05 16:00:00','2027-03-05 16:00:00'),
(1041006,4,1,0,99,0,999,41,21012,1,500,'',1,'2017-03-05 16:00:00','2027-03-05 16:00:00'),
(1041007,4,1,0,99,0,999,41,21014,1,500,'',1,'2017-03-05 16:00:00','2027-03-05 16:00:00'),
(1041008,4,1,0,99,0,999,41,21022,1,500,'',1,'2017-03-05 16:00:00','2027-03-05 16:00:00'),
(1041009,4,1,0,99,0,999,41,21024,1,500,'',1,'2017-03-05 16:00:00','2027-03-05 16:00:00'),
(1041010,4,1,0,99,0,999,41,21028,1,500,'',1,'2017-03-05 16:00:00','2027-03-05 16:00:00'),
(1041011,4,1,0,99,0,999,41,22001,1,500,'',1,'2017-03-05 16:00:00','2027-03-05 16:00:00'),
(1041012,4,1,0,99,0,999,41,22002,1,500,'',1,'2017-03-05 16:00:00','2027-03-05 16:00:00'),
(1041013,4,1,0,99,0,999,41,22003,1,500,'',1,'2017-03-05 16:00:00','2027-03-05 16:00:00'),
(1041014,4,1,0,99,0,999,41,22008,1,500,'',1,'2017-03-05 16:00:00','2027-03-05 16:00:00'),
(1041015,4,1,0,99,0,999,41,22012,1,500,'',1,'2017-03-05 16:00:00','2027-03-05 16:00:00'),
(1041016,4,1,0,99,0,999,41,22014,1,500,'',1,'2017-03-05 16:00:00','2027-03-05 16:00:00'),
(1041017,4,1,0,99,0,999,41,22022,1,500,'',1,'2017-03-05 16:00:00','2027-03-05 16:00:00'),
(1041018,4,1,0,99,0,999,41,22024,1,500,'',1,'2017-03-05 16:00:00','2027-03-05 16:00:00'),
(1041019,4,1,0,99,0,999,41,22028,1,500,'',1,'2017-03-05 16:00:00','2027-03-05 16:00:00'),
(1041020,4,1,0,99,0,999,42,11001,1,100,'',2,'2017-03-05 16:00:00','2027-03-05 16:00:00'),
(1041021,4,1,0,99,0,999,42,11002,1,100,'',2,'2017-03-05 16:00:00','2027-03-05 16:00:00'),
(1041022,4,1,0,99,0,999,42,11003,1,100,'',2,'2017-03-05 16:00:00','2027-03-05 16:00:00'),
(1041023,4,1,0,99,0,999,42,11008,1,100,'',2,'2017-03-05 16:00:00','2027-03-05 16:00:00'),
(1041024,4,1,0,99,0,999,42,11012,1,100,'',2,'2017-03-05 16:00:00','2027-03-05 16:00:00'),
(1041025,4,1,0,99,0,999,42,11014,1,100,'',2,'2017-03-05 16:00:00','2027-03-05 16:00:00'),
(1041026,4,1,0,99,0,999,42,11022,1,100,'',2,'2017-03-05 16:00:00','2027-03-05 16:00:00'),
(1041027,4,1,0,99,0,999,42,11024,1,100,'',2,'2017-03-05 16:00:00','2027-03-05 16:00:00'),
(1041028,4,1,0,99,0,999,42,11028,1,100,'',2,'2017-03-05 16:00:00','2027-03-05 16:00:00'),
(1042001,4,2,0,99,0,999,41,90402,1,0,'',1,'2017-03-05 16:00:00','2027-03-05 16:00:00'),
(1042002,4,2,0,99,0,999,41,21001,1,500,'',1,'2017-03-05 16:00:00','2027-03-05 16:00:00'),
(1042003,4,2,0,99,0,999,41,21002,1,500,'',1,'2017-03-05 16:00:00','2027-03-05 16:00:00'),
(1042004,4,2,0,99,0,999,41,21003,1,500,'',1,'2017-03-05 16:00:00','2027-03-05 16:00:00'),
(1042005,4,2,0,99,0,999,41,21008,1,500,'',1,'2017-03-05 16:00:00','2027-03-05 16:00:00'),
(1042006,4,2,0,99,0,999,41,21012,1,500,'',1,'2017-03-05 16:00:00','2027-03-05 16:00:00'),
(1042007,4,2,0,99,0,999,41,21014,1,500,'',1,'2017-03-05 16:00:00','2027-03-05 16:00:00'),
(1042008,4,2,0,99,0,999,41,21022,1,500,'',1,'2017-03-05 16:00:00','2027-03-05 16:00:00'),
(1042009,4,2,0,99,0,999,41,21024,1,500,'',1,'2017-03-05 16:00:00','2027-03-05 16:00:00'),
(1042010,4,2,0,99,0,999,41,21028,1,500,'',1,'2017-03-05 16:00:00','2027-03-05 16:00:00'),
(1042011,4,2,0,99,0,999,41,22001,1,500,'',1,'2017-03-05 16:00:00','2027-03-05 16:00:00'),
(1042012,4,2,0,99,0,999,41,22002,1,500,'',1,'2017-03-05 16:00:00','2027-03-05 16:00:00'),
(1042013,4,2,0,99,0,999,41,22003,1,500,'',1,'2017-03-05 16:00:00','2027-03-05 16:00:00'),
(1042014,4,2,0,99,0,999,41,22008,1,500,'',1,'2017-03-05 16:00:00','2027-03-05 16:00:00'),
(1042015,4,2,0,99,0,999,41,22012,1,500,'',1,'2017-03-05 16:00:00','2027-03-05 16:00:00'),
(1042016,4,2,0,99,0,999,41,22014,1,500,'',1,'2017-03-05 16:00:00','2027-03-05 16:00:00'),
(1042017,4,2,0,99,0,999,41,22022,1,500,'',1,'2017-03-05 16:00:00','2027-03-05 16:00:00'),
(1042018,4,2,0,99,0,999,41,22024,1,500,'',1,'2017-03-05 16:00:00','2027-03-05 16:00:00'),
(1042019,4,2,0,99,0,999,41,22028,1,500,'',1,'2017-03-05 16:00:00','2027-03-05 16:00:00'),
(1042020,4,2,0,99,0,999,42,11001,1,100,'',2,'2017-03-05 16:00:00','2027-03-05 16:00:00'),
(1042021,4,2,0,99,0,999,42,11002,1,100,'',2,'2017-03-05 16:00:00','2027-03-05 16:00:00'),
(1042022,4,2,0,99,0,999,42,11003,1,100,'',2,'2017-03-05 16:00:00','2027-03-05 16:00:00'),
(1042023,4,2,0,99,0,999,42,11008,1,100,'',2,'2017-03-05 16:00:00','2027-03-05 16:00:00'),
(1042024,4,2,0,99,0,999,42,11012,1,100,'',2,'2017-03-05 16:00:00','2027-03-05 16:00:00'),
(1042025,4,2,0,99,0,999,42,11014,1,100,'',2,'2017-03-05 16:00:00','2027-03-05 16:00:00'),
(1042026,4,2,0,99,0,999,42,11022,1,100,'',2,'2017-03-05 16:00:00','2027-03-05 16:00:00'),
(1042027,4,2,0,99,0,999,42,11024,1,100,'',2,'2017-03-05 16:00:00','2027-03-05 16:00:00'),
(1042028,4,2,0,99,0,999,42,11028,1,100,'',2,'2017-03-05 16:00:00','2027-03-05 16:00:00'),
(1043001,4,3,0,99,0,999,41,90402,1,0,'',1,'2017-03-05 16:00:00','2027-03-05 16:00:00'),
(1043002,4,3,0,99,0,999,42,11001,1,100,'',2,'2017-03-05 16:00:00','2027-03-05 16:00:00'),
(1043003,4,3,0,99,0,999,42,11002,1,100,'',2,'2017-03-05 16:00:00','2027-03-05 16:00:00'),
(1043004,4,3,0,99,0,999,42,11003,1,100,'',2,'2017-03-05 16:00:00','2027-03-05 16:00:00'),
(1043005,4,3,0,99,0,999,42,11008,1,100,'',2,'2017-03-05 16:00:00','2027-03-05 16:00:00'),
(1043006,4,3,0,99,0,999,42,11012,1,100,'',2,'2017-03-05 16:00:00','2027-03-05 16:00:00'),
(1043007,4,3,0,99,0,999,42,11014,1,100,'',2,'2017-03-05 16:00:00','2027-03-05 16:00:00'),
(1043008,4,3,0,99,0,999,42,11022,1,100,'',2,'2017-03-05 16:00:00','2027-03-05 16:00:00'),
(1043009,4,3,0,99,0,999,42,11024,1,100,'',2,'2017-03-05 16:00:00','2027-03-05 16:00:00'),
(1043010,4,3,0,99,0,999,42,11028,1,100,'',2,'2017-03-05 16:00:00','2027-03-05 16:00:00'),
(1044001,4,4,0,99,0,999,41,90402,1,0,'',1,'2017-03-05 16:00:00','2027-03-05 16:00:00'),
(1044002,4,4,0,99,0,999,42,11001,1,100,'',2,'2017-03-05 16:00:00','2027-03-05 16:00:00'),
(1044003,4,4,0,99,0,999,42,11002,1,100,'',2,'2017-03-05 16:00:00','2027-03-05 16:00:00'),
(1044004,4,4,0,99,0,999,42,11003,1,100,'',2,'2017-03-05 16:00:00','2027-03-05 16:00:00'),
(1044005,4,4,0,99,0,999,42,11008,1,100,'',2,'2017-03-05 16:00:00','2027-03-05 16:00:00'),
(1044006,4,4,0,99,0,999,42,11012,1,100,'',2,'2017-03-05 16:00:00','2027-03-05 16:00:00'),
(1044007,4,4,0,99,0,999,42,11014,1,100,'',2,'2017-03-05 16:00:00','2027-03-05 16:00:00'),
(1044008,4,4,0,99,0,999,42,11022,1,100,'',2,'2017-03-05 16:00:00','2027-03-05 16:00:00'),
(1044009,4,4,0,99,0,999,42,11024,1,100,'',2,'2017-03-05 16:00:00','2027-03-05 16:00:00'),
(1044010,4,4,0,99,0,999,42,11028,1,100,'',2,'2017-03-05 16:00:00','2027-03-05 16:00:00'),
(1051001,5,1,0,99,0,999,41,90402,1,0,'',1,'2017-03-05 16:00:00','2027-03-05 16:00:00'),
(1051002,5,1,0,99,0,999,41,21001,1,500,'',1,'2017-03-05 16:00:00','2027-03-05 16:00:00'),
(1051003,5,1,0,99,0,999,41,21002,1,500,'',1,'2017-03-05 16:00:00','2027-03-05 16:00:00'),
(1051004,5,1,0,99,0,999,41,21003,1,500,'',1,'2017-03-05 16:00:00','2027-03-05 16:00:00'),
(1051005,5,1,0,99,0,999,41,21008,1,500,'',1,'2017-03-05 16:00:00','2027-03-05 16:00:00'),
(1051006,5,1,0,99,0,999,41,21012,1,500,'',1,'2017-03-05 16:00:00','2027-03-05 16:00:00'),
(1051007,5,1,0,99,0,999,41,21014,1,500,'',1,'2017-03-05 16:00:00','2027-03-05 16:00:00'),
(1051008,5,1,0,99,0,999,41,21022,1,500,'',1,'2017-03-05 16:00:00','2027-03-05 16:00:00'),
(1051009,5,1,0,99,0,999,41,21024,1,500,'',1,'2017-03-05 16:00:00','2027-03-05 16:00:00'),
(1051010,5,1,0,99,0,999,41,21028,1,500,'',1,'2017-03-05 16:00:00','2027-03-05 16:00:00'),
(1051011,5,1,0,99,0,999,41,22001,1,500,'',1,'2017-03-05 16:00:00','2027-03-05 16:00:00'),
(1051012,5,1,0,99,0,999,41,22002,1,500,'',1,'2017-03-05 16:00:00','2027-03-05 16:00:00'),
(1051013,5,1,0,99,0,999,41,22003,1,500,'',1,'2017-03-05 16:00:00','2027-03-05 16:00:00'),
(1051014,5,1,0,99,0,999,41,22008,1,500,'',1,'2017-03-05 16:00:00','2027-03-05 16:00:00'),
(1051015,5,1,0,99,0,999,41,22012,1,500,'',1,'2017-03-05 16:00:00','2027-03-05 16:00:00'),
(1051016,5,1,0,99,0,999,41,22014,1,500,'',1,'2017-03-05 16:00:00','2027-03-05 16:00:00'),
(1051017,5,1,0,99,0,999,41,22022,1,500,'',1,'2017-03-05 16:00:00','2027-03-05 16:00:00'),
(1051018,5,1,0,99,0,999,41,22024,1,500,'',1,'2017-03-05 16:00:00','2027-03-05 16:00:00'),
(1051019,5,1,0,99,0,999,41,22028,1,500,'',1,'2017-03-05 16:00:00','2027-03-05 16:00:00'),
(1051020,5,1,0,99,0,999,42,11001,1,100,'',2,'2017-03-05 16:00:00','2027-03-05 16:00:00'),
(1051021,5,1,0,99,0,999,42,11002,1,100,'',2,'2017-03-05 16:00:00','2027-03-05 16:00:00'),
(1051022,5,1,0,99,0,999,42,11003,1,100,'',2,'2017-03-05 16:00:00','2027-03-05 16:00:00'),
(1051023,5,1,0,99,0,999,42,11008,1,100,'',2,'2017-03-05 16:00:00','2027-03-05 16:00:00'),
(1051024,5,1,0,99,0,999,42,11012,1,100,'',2,'2017-03-05 16:00:00','2027-03-05 16:00:00'),
(1051025,5,1,0,99,0,999,42,11014,1,100,'',2,'2017-03-05 16:00:00','2027-03-05 16:00:00'),
(1051026,5,1,0,99,0,999,42,11022,1,100,'',2,'2017-03-05 16:00:00','2027-03-05 16:00:00'),
(1051027,5,1,0,99,0,999,42,11024,1,100,'',2,'2017-03-05 16:00:00','2027-03-05 16:00:00'),
(1051028,5,1,0,99,0,999,42,11028,1,100,'',2,'2017-03-05 16:00:00','2027-03-05 16:00:00'),
(1052001,5,2,0,99,0,999,41,90402,1,0,'',1,'2017-03-05 16:00:00','2027-03-05 16:00:00'),
(1052002,5,2,0,99,0,999,41,21001,1,500,'',1,'2017-03-05 16:00:00','2027-03-05 16:00:00'),
(1052003,5,2,0,99,0,999,41,21002,1,500,'',1,'2017-03-05 16:00:00','2027-03-05 16:00:00'),
(1052004,5,2,0,99,0,999,41,21003,1,500,'',1,'2017-03-05 16:00:00','2027-03-05 16:00:00'),
(1052005,5,2,0,99,0,999,41,21008,1,500,'',1,'2017-03-05 16:00:00','2027-03-05 16:00:00'),
(1052006,5,2,0,99,0,999,41,21012,1,500,'',1,'2017-03-05 16:00:00','2027-03-05 16:00:00'),
(1052007,5,2,0,99,0,999,41,21014,1,500,'',1,'2017-03-05 16:00:00','2027-03-05 16:00:00'),
(1052008,5,2,0,99,0,999,41,21022,1,500,'',1,'2017-03-05 16:00:00','2027-03-05 16:00:00'),
(1052009,5,2,0,99,0,999,41,21024,1,500,'',1,'2017-03-05 16:00:00','2027-03-05 16:00:00'),
(1052010,5,2,0,99,0,999,41,21028,1,500,'',1,'2017-03-05 16:00:00','2027-03-05 16:00:00'),
(1052011,5,2,0,99,0,999,41,22001,1,500,'',1,'2017-03-05 16:00:00','2027-03-05 16:00:00'),
(1052012,5,2,0,99,0,999,41,22002,1,500,'',1,'2017-03-05 16:00:00','2027-03-05 16:00:00'),
(1052013,5,2,0,99,0,999,41,22003,1,500,'',1,'2017-03-05 16:00:00','2027-03-05 16:00:00'),
(1052014,5,2,0,99,0,999,41,22008,1,500,'',1,'2017-03-05 16:00:00','2027-03-05 16:00:00'),
(1052015,5,2,0,99,0,999,41,22012,1,500,'',1,'2017-03-05 16:00:00','2027-03-05 16:00:00'),
(1052016,5,2,0,99,0,999,41,22014,1,500,'',1,'2017-03-05 16:00:00','2027-03-05 16:00:00'),
(1052017,5,2,0,99,0,999,41,22022,1,500,'',1,'2017-03-05 16:00:00','2027-03-05 16:00:00'),
(1052018,5,2,0,99,0,999,41,22024,1,500,'',1,'2017-03-05 16:00:00','2027-03-05 16:00:00'),
(1052019,5,2,0,99,0,999,41,22028,1,500,'',1,'2017-03-05 16:00:00','2027-03-05 16:00:00'),
(1052020,5,2,0,99,0,999,42,11001,1,100,'',2,'2017-03-05 16:00:00','2027-03-05 16:00:00'),
(1052021,5,2,0,99,0,999,42,11002,1,100,'',2,'2017-03-05 16:00:00','2027-03-05 16:00:00'),
(1052022,5,2,0,99,0,999,42,11003,1,100,'',2,'2017-03-05 16:00:00','2027-03-05 16:00:00'),
(1052023,5,2,0,99,0,999,42,11008,1,100,'',2,'2017-03-05 16:00:00','2027-03-05 16:00:00'),
(1052024,5,2,0,99,0,999,42,11012,1,100,'',2,'2017-03-05 16:00:00','2027-03-05 16:00:00'),
(1052025,5,2,0,99,0,999,42,11014,1,100,'',2,'2017-03-05 16:00:00','2027-03-05 16:00:00'),
(1052026,5,2,0,99,0,999,42,11022,1,100,'',2,'2017-03-05 16:00:00','2027-03-05 16:00:00'),
(1052027,5,2,0,99,0,999,42,11024,1,100,'',2,'2017-03-05 16:00:00','2027-03-05 16:00:00'),
(1052028,5,2,0,99,0,999,42,11028,1,100,'',2,'2017-03-05 16:00:00','2027-03-05 16:00:00'),
(1053001,5,3,0,99,0,999,41,90402,1,0,'',1,'2017-03-05 16:00:00','2027-03-05 16:00:00'),
(1053002,5,3,0,99,0,999,42,11001,1,100,'',2,'2017-03-05 16:00:00','2027-03-05 16:00:00'),
(1053003,5,3,0,99,0,999,42,11002,1,100,'',2,'2017-03-05 16:00:00','2027-03-05 16:00:00'),
(1053004,5,3,0,99,0,999,42,11003,1,100,'',2,'2017-03-05 16:00:00','2027-03-05 16:00:00'),
(1053005,5,3,0,99,0,999,42,11008,1,100,'',2,'2017-03-05 16:00:00','2027-03-05 16:00:00'),
(1053006,5,3,0,99,0,999,42,11012,1,100,'',2,'2017-03-05 16:00:00','2027-03-05 16:00:00'),
(1053007,5,3,0,99,0,999,42,11014,1,100,'',2,'2017-03-05 16:00:00','2027-03-05 16:00:00'),
(1053008,5,3,0,99,0,999,42,11022,1,100,'',2,'2017-03-05 16:00:00','2027-03-05 16:00:00'),
(1053009,5,3,0,99,0,999,42,11024,1,100,'',2,'2017-03-05 16:00:00','2027-03-05 16:00:00'),
(1053010,5,3,0,99,0,999,42,11028,1,100,'',2,'2017-03-05 16:00:00','2027-03-05 16:00:00'),
(1054001,5,4,0,99,0,999,41,90402,1,0,'',1,'2017-03-05 16:00:00','2027-03-05 16:00:00'),
(1054002,5,4,0,99,0,999,42,11001,1,100,'',2,'2017-03-05 16:00:00','2027-03-05 16:00:00'),
(1054003,5,4,0,99,0,999,42,11002,1,100,'',2,'2017-03-05 16:00:00','2027-03-05 16:00:00'),
(1054004,5,4,0,99,0,999,42,11003,1,100,'',2,'2017-03-05 16:00:00','2027-03-05 16:00:00'),
(1054005,5,4,0,99,0,999,42,11008,1,100,'',2,'2017-03-05 16:00:00','2027-03-05 16:00:00'),
(1054006,5,4,0,99,0,999,42,11012,1,100,'',2,'2017-03-05 16:00:00','2027-03-05 16:00:00'),
(1054007,5,4,0,99,0,999,42,11014,1,100,'',2,'2017-03-05 16:00:00','2027-03-05 16:00:00'),
(1054008,5,4,0,99,0,999,42,11022,1,100,'',2,'2017-03-05 16:00:00','2027-03-05 16:00:00'),
(1054009,5,4,0,99,0,999,42,11024,1,100,'',2,'2017-03-05 16:00:00','2027-03-05 16:00:00'),
(1054010,5,4,0,99,0,999,42,11028,1,100,'',2,'2017-03-05 16:00:00','2027-03-05 16:00:00'),
(1061001,6,1,0,99,0,999,41,90402,1,0,'',1,'2017-03-05 16:00:00','2027-03-05 16:00:00'),
(1061002,6,1,0,99,0,999,41,21001,1,500,'',1,'2017-03-05 16:00:00','2027-03-05 16:00:00'),
(1061003,6,1,0,99,0,999,41,21002,1,500,'',1,'2017-03-05 16:00:00','2027-03-05 16:00:00'),
(1061004,6,1,0,99,0,999,41,21003,1,500,'',1,'2017-03-05 16:00:00','2027-03-05 16:00:00'),
(1061005,6,1,0,99,0,999,41,21008,1,500,'',1,'2017-03-05 16:00:00','2027-03-05 16:00:00'),
(1061006,6,1,0,99,0,999,41,21012,1,500,'',1,'2017-03-05 16:00:00','2027-03-05 16:00:00'),
(1061007,6,1,0,99,0,999,41,21014,1,500,'',1,'2017-03-05 16:00:00','2027-03-05 16:00:00'),
(1061008,6,1,0,99,0,999,41,21022,1,500,'',1,'2017-03-05 16:00:00','2027-03-05 16:00:00'),
(1061009,6,1,0,99,0,999,41,21024,1,500,'',1,'2017-03-05 16:00:00','2027-03-05 16:00:00'),
(1061010,6,1,0,99,0,999,41,21028,1,500,'',1,'2017-03-05 16:00:00','2027-03-05 16:00:00'),
(1061011,6,1,0,99,0,999,41,22001,1,500,'',1,'2017-03-05 16:00:00','2027-03-05 16:00:00'),
(1061012,6,1,0,99,0,999,41,22002,1,500,'',1,'2017-03-05 16:00:00','2027-03-05 16:00:00'),
(1061013,6,1,0,99,0,999,41,22003,1,500,'',1,'2017-03-05 16:00:00','2027-03-05 16:00:00'),
(1061014,6,1,0,99,0,999,41,22008,1,500,'',1,'2017-03-05 16:00:00','2027-03-05 16:00:00'),
(1061015,6,1,0,99,0,999,41,22012,1,500,'',1,'2017-03-05 16:00:00','2027-03-05 16:00:00'),
(1061016,6,1,0,99,0,999,41,22014,1,500,'',1,'2017-03-05 16:00:00','2027-03-05 16:00:00'),
(1061017,6,1,0,99,0,999,41,22022,1,500,'',1,'2017-03-05 16:00:00','2027-03-05 16:00:00'),
(1061018,6,1,0,99,0,999,41,22024,1,500,'',1,'2017-03-05 16:00:00','2027-03-05 16:00:00'),
(1061019,6,1,0,99,0,999,41,22028,1,500,'',1,'2017-03-05 16:00:00','2027-03-05 16:00:00'),
(1061020,6,1,0,99,0,999,42,11001,1,100,'',2,'2017-03-05 16:00:00','2027-03-05 16:00:00'),
(1061021,6,1,0,99,0,999,42,11002,1,100,'',2,'2017-03-05 16:00:00','2027-03-05 16:00:00'),
(1061022,6,1,0,99,0,999,42,11003,1,100,'',2,'2017-03-05 16:00:00','2027-03-05 16:00:00'),
(1061023,6,1,0,99,0,999,42,11008,1,100,'',2,'2017-03-05 16:00:00','2027-03-05 16:00:00'),
(1061024,6,1,0,99,0,999,42,11012,1,100,'',2,'2017-03-05 16:00:00','2027-03-05 16:00:00'),
(1061025,6,1,0,99,0,999,42,11014,1,100,'',2,'2017-03-05 16:00:00','2027-03-05 16:00:00'),
(1061026,6,1,0,99,0,999,42,11022,1,100,'',2,'2017-03-05 16:00:00','2027-03-05 16:00:00'),
(1061027,6,1,0,99,0,999,42,11024,1,100,'',2,'2017-03-05 16:00:00','2027-03-05 16:00:00'),
(1061028,6,1,0,99,0,999,42,11028,1,100,'',2,'2017-03-05 16:00:00','2027-03-05 16:00:00'),
(1062001,6,2,0,99,0,999,41,90402,1,0,'',1,'2017-03-05 16:00:00','2027-03-05 16:00:00'),
(1062002,6,2,0,99,0,999,41,21001,1,500,'',1,'2017-03-05 16:00:00','2027-03-05 16:00:00'),
(1062003,6,2,0,99,0,999,41,21002,1,500,'',1,'2017-03-05 16:00:00','2027-03-05 16:00:00'),
(1062004,6,2,0,99,0,999,41,21003,1,500,'',1,'2017-03-05 16:00:00','2027-03-05 16:00:00'),
(1062005,6,2,0,99,0,999,41,21008,1,500,'',1,'2017-03-05 16:00:00','2027-03-05 16:00:00'),
(1062006,6,2,0,99,0,999,41,21012,1,500,'',1,'2017-03-05 16:00:00','2027-03-05 16:00:00'),
(1062007,6,2,0,99,0,999,41,21014,1,500,'',1,'2017-03-05 16:00:00','2027-03-05 16:00:00'),
(1062008,6,2,0,99,0,999,41,21022,1,500,'',1,'2017-03-05 16:00:00','2027-03-05 16:00:00'),
(1062009,6,2,0,99,0,999,41,21024,1,500,'',1,'2017-03-05 16:00:00','2027-03-05 16:00:00'),
(1062010,6,2,0,99,0,999,41,21028,1,500,'',1,'2017-03-05 16:00:00','2027-03-05 16:00:00'),
(1062011,6,2,0,99,0,999,41,22001,1,500,'',1,'2017-03-05 16:00:00','2027-03-05 16:00:00'),
(1062012,6,2,0,99,0,999,41,22002,1,500,'',1,'2017-03-05 16:00:00','2027-03-05 16:00:00'),
(1062013,6,2,0,99,0,999,41,22003,1,500,'',1,'2017-03-05 16:00:00','2027-03-05 16:00:00'),
(1062014,6,2,0,99,0,999,41,22008,1,500,'',1,'2017-03-05 16:00:00','2027-03-05 16:00:00'),
(1062015,6,2,0,99,0,999,41,22012,1,500,'',1,'2017-03-05 16:00:00','2027-03-05 16:00:00'),
(1062016,6,2,0,99,0,999,41,22014,1,500,'',1,'2017-03-05 16:00:00','2027-03-05 16:00:00'),
(1062017,6,2,0,99,0,999,41,22022,1,500,'',1,'2017-03-05 16:00:00','2027-03-05 16:00:00'),
(1062018,6,2,0,99,0,999,41,22024,1,500,'',1,'2017-03-05 16:00:00','2027-03-05 16:00:00'),
(1062019,6,2,0,99,0,999,41,22028,1,500,'',1,'2017-03-05 16:00:00','2027-03-05 16:00:00'),
(1062020,6,2,0,99,0,999,42,11001,1,100,'',2,'2017-03-05 16:00:00','2027-03-05 16:00:00'),
(1062021,6,2,0,99,0,999,42,11002,1,100,'',2,'2017-03-05 16:00:00','2027-03-05 16:00:00'),
(1062022,6,2,0,99,0,999,42,11003,1,100,'',2,'2017-03-05 16:00:00','2027-03-05 16:00:00'),
(1062023,6,2,0,99,0,999,42,11008,1,100,'',2,'2017-03-05 16:00:00','2027-03-05 16:00:00'),
(1062024,6,2,0,99,0,999,42,11012,1,100,'',2,'2017-03-05 16:00:00','2027-03-05 16:00:00'),
(1062025,6,2,0,99,0,999,42,11014,1,100,'',2,'2017-03-05 16:00:00','2027-03-05 16:00:00'),
(1062026,6,2,0,99,0,999,42,11022,1,100,'',2,'2017-03-05 16:00:00','2027-03-05 16:00:00'),
(1062027,6,2,0,99,0,999,42,11024,1,100,'',2,'2017-03-05 16:00:00','2027-03-05 16:00:00'),
(1062028,6,2,0,99,0,999,42,11028,1,100,'',2,'2017-03-05 16:00:00','2027-03-05 16:00:00'),
(1063001,6,3,0,99,0,999,41,90402,1,0,'',1,'2017-03-05 16:00:00','2027-03-05 16:00:00'),
(1063002,6,3,0,99,0,999,42,11001,1,100,'',2,'2017-03-05 16:00:00','2027-03-05 16:00:00'),
(1063003,6,3,0,99,0,999,42,11002,1,100,'',2,'2017-03-05 16:00:00','2027-03-05 16:00:00'),
(1063004,6,3,0,99,0,999,42,11003,1,100,'',2,'2017-03-05 16:00:00','2027-03-05 16:00:00'),
(1063005,6,3,0,99,0,999,42,11008,1,100,'',2,'2017-03-05 16:00:00','2027-03-05 16:00:00'),
(1063006,6,3,0,99,0,999,42,11012,1,100,'',2,'2017-03-05 16:00:00','2027-03-05 16:00:00'),
(1063007,6,3,0,99,0,999,42,11014,1,100,'',2,'2017-03-05 16:00:00','2027-03-05 16:00:00'),
(1063008,6,3,0,99,0,999,42,11022,1,100,'',2,'2017-03-05 16:00:00','2027-03-05 16:00:00'),
(1063009,6,3,0,99,0,999,42,11024,1,100,'',2,'2017-03-05 16:00:00','2027-03-05 16:00:00'),
(1063010,6,3,0,99,0,999,42,11028,1,100,'',2,'2017-03-05 16:00:00','2027-03-05 16:00:00'),
(1064001,6,4,0,99,0,999,41,90402,1,0,'',1,'2017-03-05 16:00:00','2027-03-05 16:00:00'),
(1064002,6,4,0,99,0,999,42,11001,1,100,'',2,'2017-03-05 16:00:00','2027-03-05 16:00:00'),
(1064003,6,4,0,99,0,999,42,11002,1,100,'',2,'2017-03-05 16:00:00','2027-03-05 16:00:00'),
(1064004,6,4,0,99,0,999,42,11003,1,100,'',2,'2017-03-05 16:00:00','2027-03-05 16:00:00'),
(1064005,6,4,0,99,0,999,42,11008,1,100,'',2,'2017-03-05 16:00:00','2027-03-05 16:00:00'),
(1064006,6,4,0,99,0,999,42,11012,1,100,'',2,'2017-03-05 16:00:00','2027-03-05 16:00:00'),
(1064007,6,4,0,99,0,999,42,11014,1,100,'',2,'2017-03-05 16:00:00','2027-03-05 16:00:00'),
(1064008,6,4,0,99,0,999,42,11022,1,100,'',2,'2017-03-05 16:00:00','2027-03-05 16:00:00'),
(1064009,6,4,0,99,0,999,42,11024,1,100,'',2,'2017-03-05 16:00:00','2027-03-05 16:00:00'),
(1064010,6,4,0,99,0,999,42,11028,1,100,'',2,'2017-03-05 16:00:00','2027-03-05 16:00:00'),
(1071001,7,1,0,99,0,999,41,90402,1,0,'',1,'2017-03-05 16:00:00','2027-03-05 16:00:00'),
(1071002,7,1,0,99,0,999,41,21001,1,500,'',1,'2017-03-05 16:00:00','2027-03-05 16:00:00'),
(1071003,7,1,0,99,0,999,41,21002,1,500,'',1,'2017-03-05 16:00:00','2027-03-05 16:00:00'),
(1071004,7,1,0,99,0,999,41,21003,1,500,'',1,'2017-03-05 16:00:00','2027-03-05 16:00:00'),
(1071005,7,1,0,99,0,999,41,21008,1,500,'',1,'2017-03-05 16:00:00','2027-03-05 16:00:00'),
(1071006,7,1,0,99,0,999,41,21012,1,500,'',1,'2017-03-05 16:00:00','2027-03-05 16:00:00'),
(1071007,7,1,0,99,0,999,41,21014,1,500,'',1,'2017-03-05 16:00:00','2027-03-05 16:00:00'),
(1071008,7,1,0,99,0,999,41,21022,1,500,'',1,'2017-03-05 16:00:00','2027-03-05 16:00:00'),
(1071009,7,1,0,99,0,999,41,21024,1,500,'',1,'2017-03-05 16:00:00','2027-03-05 16:00:00'),
(1071010,7,1,0,99,0,999,41,21028,1,500,'',1,'2017-03-05 16:00:00','2027-03-05 16:00:00'),
(1071011,7,1,0,99,0,999,41,22001,1,500,'',1,'2017-03-05 16:00:00','2027-03-05 16:00:00'),
(1071012,7,1,0,99,0,999,41,22002,1,500,'',1,'2017-03-05 16:00:00','2027-03-05 16:00:00'),
(1071013,7,1,0,99,0,999,41,22003,1,500,'',1,'2017-03-05 16:00:00','2027-03-05 16:00:00'),
(1071014,7,1,0,99,0,999,41,22008,1,500,'',1,'2017-03-05 16:00:00','2027-03-05 16:00:00'),
(1071015,7,1,0,99,0,999,41,22012,1,500,'',1,'2017-03-05 16:00:00','2027-03-05 16:00:00'),
(1071016,7,1,0,99,0,999,41,22014,1,500,'',1,'2017-03-05 16:00:00','2027-03-05 16:00:00'),
(1071017,7,1,0,99,0,999,41,22022,1,500,'',1,'2017-03-05 16:00:00','2027-03-05 16:00:00'),
(1071018,7,1,0,99,0,999,41,22024,1,500,'',1,'2017-03-05 16:00:00','2027-03-05 16:00:00'),
(1071019,7,1,0,99,0,999,41,22028,1,500,'',1,'2017-03-05 16:00:00','2027-03-05 16:00:00'),
(1071020,7,1,0,99,0,999,42,11001,1,100,'',2,'2017-03-05 16:00:00','2027-03-05 16:00:00'),
(1071021,7,1,0,99,0,999,42,11002,1,100,'',2,'2017-03-05 16:00:00','2027-03-05 16:00:00'),
(1071022,7,1,0,99,0,999,42,11003,1,100,'',2,'2017-03-05 16:00:00','2027-03-05 16:00:00'),
(1071023,7,1,0,99,0,999,42,11008,1,100,'',2,'2017-03-05 16:00:00','2027-03-05 16:00:00'),
(1071024,7,1,0,99,0,999,42,11012,1,100,'',2,'2017-03-05 16:00:00','2027-03-05 16:00:00'),
(1071025,7,1,0,99,0,999,42,11014,1,100,'',2,'2017-03-05 16:00:00','2027-03-05 16:00:00'),
(1071026,7,1,0,99,0,999,42,11022,1,100,'',2,'2017-03-05 16:00:00','2027-03-05 16:00:00'),
(1071027,7,1,0,99,0,999,42,11024,1,100,'',2,'2017-03-05 16:00:00','2027-03-05 16:00:00'),
(1071028,7,1,0,99,0,999,42,11028,1,100,'',2,'2017-03-05 16:00:00','2027-03-05 16:00:00'),
(1072001,7,2,0,99,0,999,41,90402,1,0,'',1,'2017-03-05 16:00:00','2027-03-05 16:00:00'),
(1072002,7,2,0,99,0,999,41,21001,1,500,'',1,'2017-03-05 16:00:00','2027-03-05 16:00:00'),
(1072003,7,2,0,99,0,999,41,21002,1,500,'',1,'2017-03-05 16:00:00','2027-03-05 16:00:00'),
(1072004,7,2,0,99,0,999,41,21003,1,500,'',1,'2017-03-05 16:00:00','2027-03-05 16:00:00'),
(1072005,7,2,0,99,0,999,41,21008,1,500,'',1,'2017-03-05 16:00:00','2027-03-05 16:00:00'),
(1072006,7,2,0,99,0,999,41,21012,1,500,'',1,'2017-03-05 16:00:00','2027-03-05 16:00:00'),
(1072007,7,2,0,99,0,999,41,21014,1,500,'',1,'2017-03-05 16:00:00','2027-03-05 16:00:00'),
(1072008,7,2,0,99,0,999,41,21022,1,500,'',1,'2017-03-05 16:00:00','2027-03-05 16:00:00'),
(1072009,7,2,0,99,0,999,41,21024,1,500,'',1,'2017-03-05 16:00:00','2027-03-05 16:00:00'),
(1072010,7,2,0,99,0,999,41,21028,1,500,'',1,'2017-03-05 16:00:00','2027-03-05 16:00:00'),
(1072011,7,2,0,99,0,999,41,22001,1,500,'',1,'2017-03-05 16:00:00','2027-03-05 16:00:00'),
(1072012,7,2,0,99,0,999,41,22002,1,500,'',1,'2017-03-05 16:00:00','2027-03-05 16:00:00'),
(1072013,7,2,0,99,0,999,41,22003,1,500,'',1,'2017-03-05 16:00:00','2027-03-05 16:00:00'),
(1072014,7,2,0,99,0,999,41,22008,1,500,'',1,'2017-03-05 16:00:00','2027-03-05 16:00:00'),
(1072015,7,2,0,99,0,999,41,22012,1,500,'',1,'2017-03-05 16:00:00','2027-03-05 16:00:00'),
(1072016,7,2,0,99,0,999,41,22014,1,500,'',1,'2017-03-05 16:00:00','2027-03-05 16:00:00'),
(1072017,7,2,0,99,0,999,41,22022,1,500,'',1,'2017-03-05 16:00:00','2027-03-05 16:00:00'),
(1072018,7,2,0,99,0,999,41,22024,1,500,'',1,'2017-03-05 16:00:00','2027-03-05 16:00:00'),
(1072019,7,2,0,99,0,999,41,22028,1,500,'',1,'2017-03-05 16:00:00','2027-03-05 16:00:00'),
(1072020,7,2,0,99,0,999,42,11001,1,100,'',2,'2017-03-05 16:00:00','2027-03-05 16:00:00'),
(1072021,7,2,0,99,0,999,42,11002,1,100,'',2,'2017-03-05 16:00:00','2027-03-05 16:00:00'),
(1072022,7,2,0,99,0,999,42,11003,1,100,'',2,'2017-03-05 16:00:00','2027-03-05 16:00:00'),
(1072023,7,2,0,99,0,999,42,11008,1,100,'',2,'2017-03-05 16:00:00','2027-03-05 16:00:00'),
(1072024,7,2,0,99,0,999,42,11012,1,100,'',2,'2017-03-05 16:00:00','2027-03-05 16:00:00'),
(1072025,7,2,0,99,0,999,42,11014,1,100,'',2,'2017-03-05 16:00:00','2027-03-05 16:00:00'),
(1072026,7,2,0,99,0,999,42,11022,1,100,'',2,'2017-03-05 16:00:00','2027-03-05 16:00:00'),
(1072027,7,2,0,99,0,999,42,11024,1,100,'',2,'2017-03-05 16:00:00','2027-03-05 16:00:00'),
(1072028,7,2,0,99,0,999,42,11028,1,100,'',2,'2017-03-05 16:00:00','2027-03-05 16:00:00'),
(1073001,7,3,0,99,0,999,41,90402,1,0,'',1,'2017-03-05 16:00:00','2027-03-05 16:00:00'),
(1073002,7,3,0,99,0,999,42,11001,1,100,'',2,'2017-03-05 16:00:00','2027-03-05 16:00:00'),
(1073003,7,3,0,99,0,999,42,11002,1,100,'',2,'2017-03-05 16:00:00','2027-03-05 16:00:00'),
(1073004,7,3,0,99,0,999,42,11003,1,100,'',2,'2017-03-05 16:00:00','2027-03-05 16:00:00'),
(1073005,7,3,0,99,0,999,42,11008,1,100,'',2,'2017-03-05 16:00:00','2027-03-05 16:00:00'),
(1073006,7,3,0,99,0,999,42,11012,1,100,'',2,'2017-03-05 16:00:00','2027-03-05 16:00:00'),
(1073007,7,3,0,99,0,999,42,11014,1,100,'',2,'2017-03-05 16:00:00','2027-03-05 16:00:00'),
(1073008,7,3,0,99,0,999,42,11022,1,100,'',2,'2017-03-05 16:00:00','2027-03-05 16:00:00'),
(1073009,7,3,0,99,0,999,42,11024,1,100,'',2,'2017-03-05 16:00:00','2027-03-05 16:00:00'),
(1073010,7,3,0,99,0,999,42,11028,1,100,'',2,'2017-03-05 16:00:00','2027-03-05 16:00:00'),
(1074001,7,4,0,99,0,999,41,90402,1,0,'',1,'2017-03-05 16:00:00','2027-03-05 16:00:00'),
(1074002,7,4,0,99,0,999,42,11001,1,100,'',2,'2017-03-05 16:00:00','2027-03-05 16:00:00'),
(1074003,7,4,0,99,0,999,42,11002,1,100,'',2,'2017-03-05 16:00:00','2027-03-05 16:00:00'),
(1074004,7,4,0,99,0,999,42,11003,1,100,'',2,'2017-03-05 16:00:00','2027-03-05 16:00:00'),
(1074005,7,4,0,99,0,999,42,11008,1,100,'',2,'2017-03-05 16:00:00','2027-03-05 16:00:00'),
(1074006,7,4,0,99,0,999,42,11012,1,100,'',2,'2017-03-05 16:00:00','2027-03-05 16:00:00'),
(1074007,7,4,0,99,0,999,42,11014,1,100,'',2,'2017-03-05 16:00:00','2027-03-05 16:00:00'),
(1074008,7,4,0,99,0,999,42,11022,1,100,'',2,'2017-03-05 16:00:00','2027-03-05 16:00:00'),
(1074009,7,4,0,99,0,999,42,11024,1,100,'',2,'2017-03-05 16:00:00','2027-03-05 16:00:00'),
(1074010,7,4,0,99,0,999,42,11028,1,100,'',2,'2017-03-05 16:00:00','2027-03-05 16:00:00'),
(1081001,8,1,0,99,0,999,41,90402,1,0,'',1,'2017-03-05 16:00:00','2027-03-05 16:00:00'),
(1081002,8,1,0,99,0,999,41,21001,1,500,'',1,'2017-03-05 16:00:00','2027-03-05 16:00:00'),
(1081003,8,1,0,99,0,999,41,21002,1,500,'',1,'2017-03-05 16:00:00','2027-03-05 16:00:00'),
(1081004,8,1,0,99,0,999,41,21003,1,500,'',1,'2017-03-05 16:00:00','2027-03-05 16:00:00'),
(1081005,8,1,0,99,0,999,41,21008,1,500,'',1,'2017-03-05 16:00:00','2027-03-05 16:00:00'),
(1081006,8,1,0,99,0,999,41,21012,1,500,'',1,'2017-03-05 16:00:00','2027-03-05 16:00:00'),
(1081007,8,1,0,99,0,999,41,21014,1,500,'',1,'2017-03-05 16:00:00','2027-03-05 16:00:00'),
(1081008,8,1,0,99,0,999,41,21022,1,500,'',1,'2017-03-05 16:00:00','2027-03-05 16:00:00'),
(1081009,8,1,0,99,0,999,41,21024,1,500,'',1,'2017-03-05 16:00:00','2027-03-05 16:00:00'),
(1081010,8,1,0,99,0,999,41,21028,1,500,'',1,'2017-03-05 16:00:00','2027-03-05 16:00:00'),
(1081011,8,1,0,99,0,999,41,22001,1,500,'',1,'2017-03-05 16:00:00','2027-03-05 16:00:00'),
(1081012,8,1,0,99,0,999,41,22002,1,500,'',1,'2017-03-05 16:00:00','2027-03-05 16:00:00'),
(1081013,8,1,0,99,0,999,41,22003,1,500,'',1,'2017-03-05 16:00:00','2027-03-05 16:00:00'),
(1081014,8,1,0,99,0,999,41,22008,1,500,'',1,'2017-03-05 16:00:00','2027-03-05 16:00:00'),
(1081015,8,1,0,99,0,999,41,22012,1,500,'',1,'2017-03-05 16:00:00','2027-03-05 16:00:00'),
(1081016,8,1,0,99,0,999,41,22014,1,500,'',1,'2017-03-05 16:00:00','2027-03-05 16:00:00'),
(1081017,8,1,0,99,0,999,41,22022,1,500,'',1,'2017-03-05 16:00:00','2027-03-05 16:00:00'),
(1081018,8,1,0,99,0,999,41,22024,1,500,'',1,'2017-03-05 16:00:00','2027-03-05 16:00:00'),
(1081019,8,1,0,99,0,999,41,22028,1,500,'',1,'2017-03-05 16:00:00','2027-03-05 16:00:00'),
(1081020,8,1,0,99,0,999,42,11001,1,100,'',2,'2017-03-05 16:00:00','2027-03-05 16:00:00'),
(1081021,8,1,0,99,0,999,42,11002,1,100,'',2,'2017-03-05 16:00:00','2027-03-05 16:00:00'),
(1081022,8,1,0,99,0,999,42,11003,1,100,'',2,'2017-03-05 16:00:00','2027-03-05 16:00:00'),
(1081023,8,1,0,99,0,999,42,11008,1,100,'',2,'2017-03-05 16:00:00','2027-03-05 16:00:00'),
(1081024,8,1,0,99,0,999,42,11012,1,100,'',2,'2017-03-05 16:00:00','2027-03-05 16:00:00'),
(1081025,8,1,0,99,0,999,42,11014,1,100,'',2,'2017-03-05 16:00:00','2027-03-05 16:00:00'),
(1081026,8,1,0,99,0,999,42,11022,1,100,'',2,'2017-03-05 16:00:00','2027-03-05 16:00:00'),
(1081027,8,1,0,99,0,999,42,11024,1,100,'',2,'2017-03-05 16:00:00','2027-03-05 16:00:00'),
(1081028,8,1,0,99,0,999,42,11028,1,100,'',2,'2017-03-05 16:00:00','2027-03-05 16:00:00'),
(1082001,8,2,0,99,0,999,41,90402,1,0,'',1,'2017-03-05 16:00:00','2027-03-05 16:00:00'),
(1082002,8,2,0,99,0,999,41,21001,1,500,'',1,'2017-03-05 16:00:00','2027-03-05 16:00:00'),
(1082003,8,2,0,99,0,999,41,21002,1,500,'',1,'2017-03-05 16:00:00','2027-03-05 16:00:00'),
(1082004,8,2,0,99,0,999,41,21003,1,500,'',1,'2017-03-05 16:00:00','2027-03-05 16:00:00'),
(1082005,8,2,0,99,0,999,41,21008,1,500,'',1,'2017-03-05 16:00:00','2027-03-05 16:00:00'),
(1082006,8,2,0,99,0,999,41,21012,1,500,'',1,'2017-03-05 16:00:00','2027-03-05 16:00:00'),
(1082007,8,2,0,99,0,999,41,21014,1,500,'',1,'2017-03-05 16:00:00','2027-03-05 16:00:00'),
(1082008,8,2,0,99,0,999,41,21022,1,500,'',1,'2017-03-05 16:00:00','2027-03-05 16:00:00'),
(1082009,8,2,0,99,0,999,41,21024,1,500,'',1,'2017-03-05 16:00:00','2027-03-05 16:00:00'),
(1082010,8,2,0,99,0,999,41,21028,1,500,'',1,'2017-03-05 16:00:00','2027-03-05 16:00:00'),
(1082011,8,2,0,99,0,999,41,22001,1,500,'',1,'2017-03-05 16:00:00','2027-03-05 16:00:00'),
(1082012,8,2,0,99,0,999,41,22002,1,500,'',1,'2017-03-05 16:00:00','2027-03-05 16:00:00'),
(1082013,8,2,0,99,0,999,41,22003,1,500,'',1,'2017-03-05 16:00:00','2027-03-05 16:00:00'),
(1082014,8,2,0,99,0,999,41,22008,1,500,'',1,'2017-03-05 16:00:00','2027-03-05 16:00:00'),
(1082015,8,2,0,99,0,999,41,22012,1,500,'',1,'2017-03-05 16:00:00','2027-03-05 16:00:00'),
(1082016,8,2,0,99,0,999,41,22014,1,500,'',1,'2017-03-05 16:00:00','2027-03-05 16:00:00'),
(1082017,8,2,0,99,0,999,41,22022,1,500,'',1,'2017-03-05 16:00:00','2027-03-05 16:00:00'),
(1082018,8,2,0,99,0,999,41,22024,1,500,'',1,'2017-03-05 16:00:00','2027-03-05 16:00:00'),
(1082019,8,2,0,99,0,999,41,22028,1,500,'',1,'2017-03-05 16:00:00','2027-03-05 16:00:00'),
(1082020,8,2,0,99,0,999,42,11001,1,100,'',2,'2017-03-05 16:00:00','2027-03-05 16:00:00'),
(1082021,8,2,0,99,0,999,42,11002,1,100,'',2,'2017-03-05 16:00:00','2027-03-05 16:00:00'),
(1082022,8,2,0,99,0,999,42,11003,1,100,'',2,'2017-03-05 16:00:00','2027-03-05 16:00:00'),
(1082023,8,2,0,99,0,999,42,11008,1,100,'',2,'2017-03-05 16:00:00','2027-03-05 16:00:00'),
(1082024,8,2,0,99,0,999,42,11012,1,100,'',2,'2017-03-05 16:00:00','2027-03-05 16:00:00'),
(1082025,8,2,0,99,0,999,42,11014,1,100,'',2,'2017-03-05 16:00:00','2027-03-05 16:00:00'),
(1082026,8,2,0,99,0,999,42,11022,1,100,'',2,'2017-03-05 16:00:00','2027-03-05 16:00:00'),
(1082027,8,2,0,99,0,999,42,11024,1,100,'',2,'2017-03-05 16:00:00','2027-03-05 16:00:00'),
(1082028,8,2,0,99,0,999,42,11028,1,100,'',2,'2017-03-05 16:00:00','2027-03-05 16:00:00'),
(1083001,8,3,0,99,0,999,41,90402,1,0,'',1,'2017-03-05 16:00:00','2027-03-05 16:00:00'),
(1083002,8,3,0,99,0,999,42,11001,1,100,'',2,'2017-03-05 16:00:00','2027-03-05 16:00:00'),
(1083003,8,3,0,99,0,999,42,11002,1,100,'',2,'2017-03-05 16:00:00','2027-03-05 16:00:00'),
(1083004,8,3,0,99,0,999,42,11003,1,100,'',2,'2017-03-05 16:00:00','2027-03-05 16:00:00'),
(1083005,8,3,0,99,0,999,42,11008,1,100,'',2,'2017-03-05 16:00:00','2027-03-05 16:00:00'),
(1083006,8,3,0,99,0,999,42,11012,1,100,'',2,'2017-03-05 16:00:00','2027-03-05 16:00:00'),
(1083007,8,3,0,99,0,999,42,11014,1,100,'',2,'2017-03-05 16:00:00','2027-03-05 16:00:00'),
(1083008,8,3,0,99,0,999,42,11022,1,100,'',2,'2017-03-05 16:00:00','2027-03-05 16:00:00'),
(1083009,8,3,0,99,0,999,42,11024,1,100,'',2,'2017-03-05 16:00:00','2027-03-05 16:00:00'),
(1083010,8,3,0,99,0,999,42,11028,1,100,'',2,'2017-03-05 16:00:00','2027-03-05 16:00:00'),
(1084001,8,4,0,99,0,999,41,90402,1,0,'',1,'2017-03-05 16:00:00','2027-03-05 16:00:00'),
(1084002,8,4,0,99,0,999,42,11001,1,100,'',2,'2017-03-05 16:00:00','2027-03-05 16:00:00'),
(1084003,8,4,0,99,0,999,42,11002,1,100,'',2,'2017-03-05 16:00:00','2027-03-05 16:00:00'),
(1084004,8,4,0,99,0,999,42,11003,1,100,'',2,'2017-03-05 16:00:00','2027-03-05 16:00:00'),
(1084005,8,4,0,99,0,999,42,11008,1,100,'',2,'2017-03-05 16:00:00','2027-03-05 16:00:00'),
(1084006,8,4,0,99,0,999,42,11012,1,100,'',2,'2017-03-05 16:00:00','2027-03-05 16:00:00'),
(1084007,8,4,0,99,0,999,42,11014,1,100,'',2,'2017-03-05 16:00:00','2027-03-05 16:00:00'),
(1084008,8,4,0,99,0,999,42,11022,1,100,'',2,'2017-03-05 16:00:00','2027-03-05 16:00:00'),
(1084009,8,4,0,99,0,999,42,11024,1,100,'',2,'2017-03-05 16:00:00','2027-03-05 16:00:00'),
(1084010,8,4,0,99,0,999,42,11028,1,100,'',2,'2017-03-05 16:00:00','2027-03-05 16:00:00'),
(1091001,9,1,0,99,0,999,41,90402,1,0,'',1,'2017-03-05 16:00:00','2027-03-05 16:00:00'),
(1091002,9,1,0,99,0,999,41,21001,1,500,'',1,'2017-03-05 16:00:00','2027-03-05 16:00:00'),
(1091003,9,1,0,99,0,999,41,21002,1,500,'',1,'2017-03-05 16:00:00','2027-03-05 16:00:00'),
(1091004,9,1,0,99,0,999,41,21003,1,500,'',1,'2017-03-05 16:00:00','2027-03-05 16:00:00'),
(1091005,9,1,0,99,0,999,41,21008,1,500,'',1,'2017-03-05 16:00:00','2027-03-05 16:00:00'),
(1091006,9,1,0,99,0,999,41,21012,1,500,'',1,'2017-03-05 16:00:00','2027-03-05 16:00:00'),
(1091007,9,1,0,99,0,999,41,21014,1,500,'',1,'2017-03-05 16:00:00','2027-03-05 16:00:00'),
(1091008,9,1,0,99,0,999,41,21022,1,500,'',1,'2017-03-05 16:00:00','2027-03-05 16:00:00'),
(1091009,9,1,0,99,0,999,41,21024,1,500,'',1,'2017-03-05 16:00:00','2027-03-05 16:00:00'),
(1091010,9,1,0,99,0,999,41,21028,1,500,'',1,'2017-03-05 16:00:00','2027-03-05 16:00:00'),
(1091011,9,1,0,99,0,999,41,22001,1,500,'',1,'2017-03-05 16:00:00','2027-03-05 16:00:00'),
(1091012,9,1,0,99,0,999,41,22002,1,500,'',1,'2017-03-05 16:00:00','2027-03-05 16:00:00'),
(1091013,9,1,0,99,0,999,41,22003,1,500,'',1,'2017-03-05 16:00:00','2027-03-05 16:00:00'),
(1091014,9,1,0,99,0,999,41,22008,1,500,'',1,'2017-03-05 16:00:00','2027-03-05 16:00:00'),
(1091015,9,1,0,99,0,999,41,22012,1,500,'',1,'2017-03-05 16:00:00','2027-03-05 16:00:00'),
(1091016,9,1,0,99,0,999,41,22014,1,500,'',1,'2017-03-05 16:00:00','2027-03-05 16:00:00'),
(1091017,9,1,0,99,0,999,41,22022,1,500,'',1,'2017-03-05 16:00:00','2027-03-05 16:00:00'),
(1091018,9,1,0,99,0,999,41,22024,1,500,'',1,'2017-03-05 16:00:00','2027-03-05 16:00:00'),
(1091019,9,1,0,99,0,999,41,22028,1,500,'',1,'2017-03-05 16:00:00','2027-03-05 16:00:00'),
(1091020,9,1,0,99,0,999,42,11001,1,100,'',2,'2017-03-05 16:00:00','2027-03-05 16:00:00'),
(1091021,9,1,0,99,0,999,42,11002,1,100,'',2,'2017-03-05 16:00:00','2027-03-05 16:00:00'),
(1091022,9,1,0,99,0,999,42,11003,1,100,'',2,'2017-03-05 16:00:00','2027-03-05 16:00:00'),
(1091023,9,1,0,99,0,999,42,11008,1,100,'',2,'2017-03-05 16:00:00','2027-03-05 16:00:00'),
(1091024,9,1,0,99,0,999,42,11012,1,100,'',2,'2017-03-05 16:00:00','2027-03-05 16:00:00'),
(1091025,9,1,0,99,0,999,42,11014,1,100,'',2,'2017-03-05 16:00:00','2027-03-05 16:00:00'),
(1091026,9,1,0,99,0,999,42,11022,1,100,'',2,'2017-03-05 16:00:00','2027-03-05 16:00:00'),
(1091027,9,1,0,99,0,999,42,11024,1,100,'',2,'2017-03-05 16:00:00','2027-03-05 16:00:00'),
(1091028,9,1,0,99,0,999,42,11028,1,100,'',2,'2017-03-05 16:00:00','2027-03-05 16:00:00'),
(1092001,9,2,0,99,0,999,41,90402,1,0,'',1,'2017-03-05 16:00:00','2027-03-05 16:00:00'),
(1092002,9,2,0,99,0,999,41,21001,1,500,'',1,'2017-03-05 16:00:00','2027-03-05 16:00:00'),
(1092003,9,2,0,99,0,999,41,21002,1,500,'',1,'2017-03-05 16:00:00','2027-03-05 16:00:00'),
(1092004,9,2,0,99,0,999,41,21003,1,500,'',1,'2017-03-05 16:00:00','2027-03-05 16:00:00'),
(1092005,9,2,0,99,0,999,41,21008,1,500,'',1,'2017-03-05 16:00:00','2027-03-05 16:00:00'),
(1092006,9,2,0,99,0,999,41,21012,1,500,'',1,'2017-03-05 16:00:00','2027-03-05 16:00:00'),
(1092007,9,2,0,99,0,999,41,21014,1,500,'',1,'2017-03-05 16:00:00','2027-03-05 16:00:00'),
(1092008,9,2,0,99,0,999,41,21022,1,500,'',1,'2017-03-05 16:00:00','2027-03-05 16:00:00'),
(1092009,9,2,0,99,0,999,41,21024,1,500,'',1,'2017-03-05 16:00:00','2027-03-05 16:00:00'),
(1092010,9,2,0,99,0,999,41,21028,1,500,'',1,'2017-03-05 16:00:00','2027-03-05 16:00:00'),
(1092011,9,2,0,99,0,999,41,22001,1,500,'',1,'2017-03-05 16:00:00','2027-03-05 16:00:00'),
(1092012,9,2,0,99,0,999,41,22002,1,500,'',1,'2017-03-05 16:00:00','2027-03-05 16:00:00'),
(1092013,9,2,0,99,0,999,41,22003,1,500,'',1,'2017-03-05 16:00:00','2027-03-05 16:00:00'),
(1092014,9,2,0,99,0,999,41,22008,1,500,'',1,'2017-03-05 16:00:00','2027-03-05 16:00:00'),
(1092015,9,2,0,99,0,999,41,22012,1,500,'',1,'2017-03-05 16:00:00','2027-03-05 16:00:00'),
(1092016,9,2,0,99,0,999,41,22014,1,500,'',1,'2017-03-05 16:00:00','2027-03-05 16:00:00'),
(1092017,9,2,0,99,0,999,41,22022,1,500,'',1,'2017-03-05 16:00:00','2027-03-05 16:00:00'),
(1092018,9,2,0,99,0,999,41,22024,1,500,'',1,'2017-03-05 16:00:00','2027-03-05 16:00:00'),
(1092019,9,2,0,99,0,999,41,22028,1,500,'',1,'2017-03-05 16:00:00','2027-03-05 16:00:00'),
(1092020,9,2,0,99,0,999,42,11001,1,100,'',2,'2017-03-05 16:00:00','2027-03-05 16:00:00'),
(1092021,9,2,0,99,0,999,42,11002,1,100,'',2,'2017-03-05 16:00:00','2027-03-05 16:00:00'),
(1092022,9,2,0,99,0,999,42,11003,1,100,'',2,'2017-03-05 16:00:00','2027-03-05 16:00:00'),
(1092023,9,2,0,99,0,999,42,11008,1,100,'',2,'2017-03-05 16:00:00','2027-03-05 16:00:00'),
(1092024,9,2,0,99,0,999,42,11012,1,100,'',2,'2017-03-05 16:00:00','2027-03-05 16:00:00'),
(1092025,9,2,0,99,0,999,42,11014,1,100,'',2,'2017-03-05 16:00:00','2027-03-05 16:00:00'),
(1092026,9,2,0,99,0,999,42,11022,1,100,'',2,'2017-03-05 16:00:00','2027-03-05 16:00:00'),
(1092027,9,2,0,99,0,999,42,11024,1,100,'',2,'2017-03-05 16:00:00','2027-03-05 16:00:00'),
(1092028,9,2,0,99,0,999,42,11028,1,100,'',2,'2017-03-05 16:00:00','2027-03-05 16:00:00'),
(1093001,9,3,0,99,0,999,41,90402,1,0,'',1,'2017-03-05 16:00:00','2027-03-05 16:00:00'),
(1093002,9,3,0,99,0,999,42,11001,1,100,'',2,'2017-03-05 16:00:00','2027-03-05 16:00:00'),
(1093003,9,3,0,99,0,999,42,11002,1,100,'',2,'2017-03-05 16:00:00','2027-03-05 16:00:00'),
(1093004,9,3,0,99,0,999,42,11003,1,100,'',2,'2017-03-05 16:00:00','2027-03-05 16:00:00'),
(1093005,9,3,0,99,0,999,42,11008,1,100,'',2,'2017-03-05 16:00:00','2027-03-05 16:00:00'),
(1093006,9,3,0,99,0,999,42,11012,1,100,'',2,'2017-03-05 16:00:00','2027-03-05 16:00:00'),
(1093007,9,3,0,99,0,999,42,11014,1,100,'',2,'2017-03-05 16:00:00','2027-03-05 16:00:00'),
(1093008,9,3,0,99,0,999,42,11022,1,100,'',2,'2017-03-05 16:00:00','2027-03-05 16:00:00'),
(1093009,9,3,0,99,0,999,42,11024,1,100,'',2,'2017-03-05 16:00:00','2027-03-05 16:00:00'),
(1093010,9,3,0,99,0,999,42,11028,1,100,'',2,'2017-03-05 16:00:00','2027-03-05 16:00:00'),
(1094001,9,4,0,99,0,999,41,90402,1,0,'',1,'2017-03-05 16:00:00','2027-03-05 16:00:00'),
(1094002,9,4,0,99,0,999,42,11001,1,100,'',2,'2017-03-05 16:00:00','2027-03-05 16:00:00'),
(1094003,9,4,0,99,0,999,42,11002,1,100,'',2,'2017-03-05 16:00:00','2027-03-05 16:00:00'),
(1094004,9,4,0,99,0,999,42,11003,1,100,'',2,'2017-03-05 16:00:00','2027-03-05 16:00:00'),
(1094005,9,4,0,99,0,999,42,11008,1,100,'',2,'2017-03-05 16:00:00','2027-03-05 16:00:00'),
(1094006,9,4,0,99,0,999,42,11012,1,100,'',2,'2017-03-05 16:00:00','2027-03-05 16:00:00'),
(1094007,9,4,0,99,0,999,42,11014,1,100,'',2,'2017-03-05 16:00:00','2027-03-05 16:00:00'),
(1094008,9,4,0,99,0,999,42,11022,1,100,'',2,'2017-03-05 16:00:00','2027-03-05 16:00:00'),
(1094009,9,4,0,99,0,999,42,11024,1,100,'',2,'2017-03-05 16:00:00','2027-03-05 16:00:00'),
(1094010,9,4,0,99,0,999,42,11028,1,100,'',2,'2017-03-05 16:00:00','2027-03-05 16:00:00'),
(1101001,10,1,0,99,0,999,41,90402,1,0,'',1,'2017-03-05 16:00:00','2027-03-05 16:00:00'),
(1101002,10,1,0,99,0,999,41,21001,1,500,'',1,'2017-03-05 16:00:00','2027-03-05 16:00:00'),
(1101003,10,1,0,99,0,999,41,21002,1,500,'',1,'2017-03-05 16:00:00','2027-03-05 16:00:00'),
(1101004,10,1,0,99,0,999,41,21003,1,500,'',1,'2017-03-05 16:00:00','2027-03-05 16:00:00'),
(1101005,10,1,0,99,0,999,41,21008,1,500,'',1,'2017-03-05 16:00:00','2027-03-05 16:00:00'),
(1101006,10,1,0,99,0,999,41,21012,1,500,'',1,'2017-03-05 16:00:00','2027-03-05 16:00:00'),
(1101007,10,1,0,99,0,999,41,21014,1,500,'',1,'2017-03-05 16:00:00','2027-03-05 16:00:00'),
(1101008,10,1,0,99,0,999,41,21022,1,500,'',1,'2017-03-05 16:00:00','2027-03-05 16:00:00'),
(1101009,10,1,0,99,0,999,41,21024,1,500,'',1,'2017-03-05 16:00:00','2027-03-05 16:00:00'),
(1101010,10,1,0,99,0,999,41,21028,1,500,'',1,'2017-03-05 16:00:00','2027-03-05 16:00:00'),
(1101011,10,1,0,99,0,999,41,22001,1,500,'',1,'2017-03-05 16:00:00','2027-03-05 16:00:00'),
(1101012,10,1,0,99,0,999,41,22002,1,500,'',1,'2017-03-05 16:00:00','2027-03-05 16:00:00'),
(1101013,10,1,0,99,0,999,41,22003,1,500,'',1,'2017-03-05 16:00:00','2027-03-05 16:00:00'),
(1101014,10,1,0,99,0,999,41,22008,1,500,'',1,'2017-03-05 16:00:00','2027-03-05 16:00:00'),
(1101015,10,1,0,99,0,999,41,22012,1,500,'',1,'2017-03-05 16:00:00','2027-03-05 16:00:00'),
(1101016,10,1,0,99,0,999,41,22014,1,500,'',1,'2017-03-05 16:00:00','2027-03-05 16:00:00'),
(1101017,10,1,0,99,0,999,41,22022,1,500,'',1,'2017-03-05 16:00:00','2027-03-05 16:00:00'),
(1101018,10,1,0,99,0,999,41,22024,1,500,'',1,'2017-03-05 16:00:00','2027-03-05 16:00:00'),
(1101019,10,1,0,99,0,999,41,22028,1,500,'',1,'2017-03-05 16:00:00','2027-03-05 16:00:00'),
(1101020,10,1,0,99,0,999,42,11001,1,100,'',2,'2017-03-05 16:00:00','2027-03-05 16:00:00'),
(1101021,10,1,0,99,0,999,42,11002,1,100,'',2,'2017-03-05 16:00:00','2027-03-05 16:00:00'),
(1101022,10,1,0,99,0,999,42,11003,1,100,'',2,'2017-03-05 16:00:00','2027-03-05 16:00:00'),
(1101023,10,1,0,99,0,999,42,11008,1,100,'',2,'2017-03-05 16:00:00','2027-03-05 16:00:00'),
(1101024,10,1,0,99,0,999,42,11012,1,100,'',2,'2017-03-05 16:00:00','2027-03-05 16:00:00'),
(1101025,10,1,0,99,0,999,42,11014,1,100,'',2,'2017-03-05 16:00:00','2027-03-05 16:00:00'),
(1101026,10,1,0,99,0,999,42,11022,1,100,'',2,'2017-03-05 16:00:00','2027-03-05 16:00:00'),
(1101027,10,1,0,99,0,999,42,11024,1,100,'',2,'2017-03-05 16:00:00','2027-03-05 16:00:00'),
(1101028,10,1,0,99,0,999,42,11028,1,100,'',2,'2017-03-05 16:00:00','2027-03-05 16:00:00'),
(1102001,10,2,0,99,0,999,41,90402,1,0,'',1,'2017-03-05 16:00:00','2027-03-05 16:00:00'),
(1102002,10,2,0,99,0,999,41,21001,1,500,'',1,'2017-03-05 16:00:00','2027-03-05 16:00:00'),
(1102003,10,2,0,99,0,999,41,21002,1,500,'',1,'2017-03-05 16:00:00','2027-03-05 16:00:00'),
(1102004,10,2,0,99,0,999,41,21003,1,500,'',1,'2017-03-05 16:00:00','2027-03-05 16:00:00'),
(1102005,10,2,0,99,0,999,41,21008,1,500,'',1,'2017-03-05 16:00:00','2027-03-05 16:00:00'),
(1102006,10,2,0,99,0,999,41,21012,1,500,'',1,'2017-03-05 16:00:00','2027-03-05 16:00:00'),
(1102007,10,2,0,99,0,999,41,21014,1,500,'',1,'2017-03-05 16:00:00','2027-03-05 16:00:00'),
(1102008,10,2,0,99,0,999,41,21022,1,500,'',1,'2017-03-05 16:00:00','2027-03-05 16:00:00'),
(1102009,10,2,0,99,0,999,41,21024,1,500,'',1,'2017-03-05 16:00:00','2027-03-05 16:00:00'),
(1102010,10,2,0,99,0,999,41,21028,1,500,'',1,'2017-03-05 16:00:00','2027-03-05 16:00:00'),
(1102011,10,2,0,99,0,999,41,22001,1,500,'',1,'2017-03-05 16:00:00','2027-03-05 16:00:00'),
(1102012,10,2,0,99,0,999,41,22002,1,500,'',1,'2017-03-05 16:00:00','2027-03-05 16:00:00'),
(1102013,10,2,0,99,0,999,41,22003,1,500,'',1,'2017-03-05 16:00:00','2027-03-05 16:00:00'),
(1102014,10,2,0,99,0,999,41,22008,1,500,'',1,'2017-03-05 16:00:00','2027-03-05 16:00:00'),
(1102015,10,2,0,99,0,999,41,22012,1,500,'',1,'2017-03-05 16:00:00','2027-03-05 16:00:00'),
(1102016,10,2,0,99,0,999,41,22014,1,500,'',1,'2017-03-05 16:00:00','2027-03-05 16:00:00'),
(1102017,10,2,0,99,0,999,41,22022,1,500,'',1,'2017-03-05 16:00:00','2027-03-05 16:00:00'),
(1102018,10,2,0,99,0,999,41,22024,1,500,'',1,'2017-03-05 16:00:00','2027-03-05 16:00:00'),
(1102019,10,2,0,99,0,999,41,22028,1,500,'',1,'2017-03-05 16:00:00','2027-03-05 16:00:00'),
(1102020,10,2,0,99,0,999,42,11001,1,100,'',2,'2017-03-05 16:00:00','2027-03-05 16:00:00'),
(1102021,10,2,0,99,0,999,42,11002,1,100,'',2,'2017-03-05 16:00:00','2027-03-05 16:00:00'),
(1102022,10,2,0,99,0,999,42,11003,1,100,'',2,'2017-03-05 16:00:00','2027-03-05 16:00:00'),
(1102023,10,2,0,99,0,999,42,11008,1,100,'',2,'2017-03-05 16:00:00','2027-03-05 16:00:00'),
(1102024,10,2,0,99,0,999,42,11012,1,100,'',2,'2017-03-05 16:00:00','2027-03-05 16:00:00'),
(1102025,10,2,0,99,0,999,42,11014,1,100,'',2,'2017-03-05 16:00:00','2027-03-05 16:00:00'),
(1102026,10,2,0,99,0,999,42,11022,1,100,'',2,'2017-03-05 16:00:00','2027-03-05 16:00:00'),
(1102027,10,2,0,99,0,999,42,11024,1,100,'',2,'2017-03-05 16:00:00','2027-03-05 16:00:00'),
(1102028,10,2,0,99,0,999,42,11028,1,100,'',2,'2017-03-05 16:00:00','2027-03-05 16:00:00'),
(1103001,10,3,0,99,0,999,41,90402,1,0,'',1,'2017-03-05 16:00:00','2027-03-05 16:00:00'),
(1103002,10,3,0,99,0,999,42,11001,1,100,'',2,'2017-03-05 16:00:00','2027-03-05 16:00:00'),
(1103003,10,3,0,99,0,999,42,11002,1,100,'',2,'2017-03-05 16:00:00','2027-03-05 16:00:00'),
(1103004,10,3,0,99,0,999,42,11003,1,100,'',2,'2017-03-05 16:00:00','2027-03-05 16:00:00'),
(1103005,10,3,0,99,0,999,42,11008,1,100,'',2,'2017-03-05 16:00:00','2027-03-05 16:00:00'),
(1103006,10,3,0,99,0,999,42,11012,1,100,'',2,'2017-03-05 16:00:00','2027-03-05 16:00:00'),
(1103007,10,3,0,99,0,999,42,11014,1,100,'',2,'2017-03-05 16:00:00','2027-03-05 16:00:00'),
(1103008,10,3,0,99,0,999,42,11022,1,100,'',2,'2017-03-05 16:00:00','2027-03-05 16:00:00'),
(1103009,10,3,0,99,0,999,42,11024,1,100,'',2,'2017-03-05 16:00:00','2027-03-05 16:00:00'),
(1103010,10,3,0,99,0,999,42,11028,1,100,'',2,'2017-03-05 16:00:00','2027-03-05 16:00:00'),
(1104001,10,4,0,99,0,999,41,90402,1,0,'',1,'2017-03-05 16:00:00','2027-03-05 16:00:00'),
(1104002,10,4,0,99,0,999,42,11001,1,100,'',2,'2017-03-05 16:00:00','2027-03-05 16:00:00'),
(1104003,10,4,0,99,0,999,42,11002,1,100,'',2,'2017-03-05 16:00:00','2027-03-05 16:00:00'),
(1104004,10,4,0,99,0,999,42,11003,1,100,'',2,'2017-03-05 16:00:00','2027-03-05 16:00:00'),
(1104005,10,4,0,99,0,999,42,11008,1,100,'',2,'2017-03-05 16:00:00','2027-03-05 16:00:00'),
(1104006,10,4,0,99,0,999,42,11012,1,100,'',2,'2017-03-05 16:00:00','2027-03-05 16:00:00'),
(1104007,10,4,0,99,0,999,42,11014,1,100,'',2,'2017-03-05 16:00:00','2027-03-05 16:00:00'),
(1104008,10,4,0,99,0,999,42,11022,1,100,'',2,'2017-03-05 16:00:00','2027-03-05 16:00:00'),
(1104009,10,4,0,99,0,999,42,11024,1,100,'',2,'2017-03-05 16:00:00','2027-03-05 16:00:00'),
(1104010,10,4,0,99,0,999,42,11028,1,100,'',2,'2017-03-05 16:00:00','2027-03-05 16:00:00');
/*!40000 ALTER TABLE `lucky_draw` ENABLE KEYS */;
UNLOCK TABLES;

--
-- Table structure for table `sweepstakeconfig`
--

DROP TABLE IF EXISTS `sweepstakeconfig`;
/*!40101 SET @saved_cs_client     = @@character_set_client */;
/*!40101 SET character_set_client = utf8 */;
CREATE TABLE `sweepstakeconfig` (
  `id` int(10) unsigned NOT NULL AUTO_INCREMENT,
  `pool_type` varchar(255) NOT NULL,
  `begin_time` timestamp NOT NULL DEFAULT '0000-00-00 00:00:00',
  `end_time` timestamp NOT NULL DEFAULT '0000-00-00 00:00:00',
  `activity_type` int(10) unsigned NOT NULL,
  `player_data_id` int(10) unsigned NOT NULL,
  `reward_config_id` int(10) unsigned NOT NULL,
  `free_gap` int(10) unsigned NOT NULL,
  `init_time` int(10) unsigned NOT NULL,
  `guarantee_count` int(10) unsigned NOT NULL,
  `init_count` int(10) unsigned NOT NULL,
  `consume_type` int(10) unsigned NOT NULL,
  `consume_id` int(10) unsigned NOT NULL,
  `price` int(10) unsigned NOT NULL,
  `combo_price` int(10) unsigned NOT NULL,
  `combo_count` int(10) unsigned NOT NULL,
  `change_pool_consume_type` int(10) NOT NULL,
  `change_pool_consume_id` int(10) NOT NULL,
  `change_pool_consume_value` int(10) NOT NULL,
  `first_change_pool_free` int(10) NOT NULL,
  PRIMARY KEY (`id`)
) ENGINE=InnoDB AUTO_INCREMENT=3 DEFAULT CHARSET=utf8;
/*!40101 SET character_set_client = @saved_cs_client */;

--
-- Dumping data for table `sweepstakeconfig`
--

LOCK TABLES `sweepstakeconfig` WRITE;
/*!40000 ALTER TABLE `sweepstakeconfig` DISABLE KEYS */;
INSERT INTO `sweepstakeconfig` VALUES (1,'1','2016-07-05 20:58:34','2026-07-05 20:58:34',1,1,0,86400,3600,0,0,41,90002,100,100,10,0,0,0,0),
(2,'2|3|4|5|6|7|8|9|10','2016-07-05 20:58:34','2026-07-05 20:58:34',1,2,0,86400,3600,10,6,41,90006,80,68,10,0,0,0,0);
/*!40000 ALTER TABLE `sweepstakeconfig` ENABLE KEYS */;
UNLOCK TABLES;

--
-- Table structure for table `config_manor_energy`
--

DROP TABLE IF EXISTS `config_manor_energy`;
/*!40101 SET @saved_cs_client     = @@character_set_client */;
/*!40101 SET character_set_client = utf8 */;
CREATE TABLE `config_manor_energy` (
  `gid` int(11) DEFAULT NULL,
  `id` int(11) DEFAULT NULL,
  `name` varchar(255) CHARACTER SET utf8 DEFAULT NULL,
  `type` int(11) DEFAULT NULL,
  `value` int(11) DEFAULT NULL,
  `add_energy` int(11) DEFAULT NULL,
  `add_storage1` int(11) DEFAULT NULL,
  `add_storage2` int(11) DEFAULT NULL,
  `add_storage3` int(11) DEFAULT NULL
) ENGINE=InnoDB DEFAULT CHARSET=latin1;
/*!40101 SET character_set_client = @saved_cs_client */;

--
-- Dumping data for table `config_manor_energy`
--

LOCK TABLES `config_manor_energy` WRITE;
/*!40000 ALTER TABLE `config_manor_energy` DISABLE KEYS */;
INSERT INTO `config_manor_energy` VALUES (1,71001,'',41,1,100,0,0,0),
(2,71002,'',41,1,200,0,0,0),
(3,71003,'',41,1,300,0,0,0),
(4,71004,'',41,1,400,0,0,0),
(5,71005,'',41,1,500,0,0,0),
(6,85001,'',41,1,0,2000,400,0),
(7,85002,'',41,1,0,5000,1000,0);
/*!40000 ALTER TABLE `config_manor_energy` ENABLE KEYS */;
UNLOCK TABLES;

--
-- Table structure for table `manor_manufacture_product`
--

DROP TABLE IF EXISTS `manor_manufacture_product`;
/*!40101 SET @saved_cs_client     = @@character_set_client */;
/*!40101 SET character_set_client = utf8 */;
CREATE TABLE `manor_manufacture_product` (
  `gid` bigint(20) unsigned NOT NULL,
  `line` int(11) NOT NULL DEFAULT '0',
  `type` int(11) DEFAULT NULL,
  `time_min` int(10) unsigned NOT NULL,
  `time_max` int(10) unsigned NOT NULL,
  `one_time_count_min` int(11) NOT NULL DEFAULT '1',
  `one_time_count_max` int(11) NOT NULL DEFAULT '1',
  `depend_item` int(11) NOT NULL DEFAULT '0',
  `product_item1_type` int(10) unsigned NOT NULL DEFAULT '0',
  `consume_item1_id` int(10) unsigned NOT NULL DEFAULT '0',
  `consume_item1_value` int(10) unsigned NOT NULL DEFAULT '0',
  `consume_item2_type` int(10) unsigned NOT NULL DEFAULT '0',
  `product_item1_id` int(10) unsigned NOT NULL DEFAULT '0',
  `product_item1_value` int(10) unsigned NOT NULL DEFAULT '0',
  `consume_item1_type` int(10) unsigned NOT NULL DEFAULT '0',
  `consume_item2_id` int(10) unsigned NOT NULL DEFAULT '0',
  `consume_item2_value` int(10) unsigned NOT NULL DEFAULT '0',
  `consume_item3_type` int(10) unsigned NOT NULL DEFAULT '0',
  `consume_item3_id` int(10) unsigned NOT NULL DEFAULT '0',
  `consume_item3_value` int(10) unsigned NOT NULL DEFAULT '0',
  `consume_item4_type` int(10) unsigned NOT NULL DEFAULT '0',
  `consume_item4_id` int(10) unsigned NOT NULL DEFAULT '0',
  `consume_item4_value` int(10) unsigned NOT NULL DEFAULT '0',
  `product_item2_type` int(10) unsigned NOT NULL DEFAULT '0',
  `product_item2_id` int(10) unsigned NOT NULL DEFAULT '0',
  `product_item2_value` int(10) unsigned NOT NULL DEFAULT '0',
  `product_item3_type` int(10) unsigned NOT NULL DEFAULT '0',
  `product_item3_id` int(10) unsigned NOT NULL DEFAULT '0',
  `product_item3_value` int(10) unsigned NOT NULL DEFAULT '0',
  `level_limit` int(10) NOT NULL,
  `material_type` int(10) NOT NULL,
  `show_type` int(11) DEFAULT NULL,
  PRIMARY KEY (`gid`)
) ENGINE=InnoDB DEFAULT CHARSET=latin1;
/*!40101 SET character_set_client = @saved_cs_client */;

--
-- Dumping data for table `manor_manufacture_product`
--

LOCK TABLES `manor_manufacture_product` WRITE;
/*!40000 ALTER TABLE `manor_manufacture_product` DISABLE KEYS */;
INSERT INTO `manor_manufacture_product` VALUES (1001001,1,2,540,540,1,1,0,41,50001,500,0,152002,1,41,0,0,0,0,0,0,0,0,0,0,0,41,90005,9,0,100,0),
(1001002,1,2,1080,1080,1,1,0,41,50001,500,0,152003,1,41,0,0,0,0,0,0,0,0,0,0,0,41,90005,18,0,100,0),
(1001003,1,2,162,162,1,1,0,41,50001,500,0,152004,1,41,0,0,0,0,0,0,0,0,0,0,0,41,90005,2,0,100,0),
(1001004,1,2,324,324,1,1,0,41,50001,500,0,152005,1,41,0,0,0,0,0,0,0,0,0,0,0,41,90005,5,0,100,0),
(1001005,1,2,1080,1080,1,1,0,41,50001,500,0,153001,1,41,0,0,0,0,0,0,0,0,0,0,0,41,90005,18,0,100,0),
(1001006,1,2,108,108,1,1,0,41,50001,500,0,153002,1,41,0,0,0,0,0,0,0,0,0,0,0,41,90005,1,0,100,0),
(1001007,1,2,540,540,1,1,0,41,50001,500,0,153003,1,41,0,0,0,0,0,0,0,0,0,0,0,41,90005,9,0,100,0),
(1001008,1,2,1080,1080,1,1,0,41,50001,500,0,153004,1,41,0,0,0,0,0,0,0,0,0,0,0,41,90005,18,0,100,0),
(1001009,1,2,1620,1620,1,1,0,41,50001,500,0,153005,1,41,0,0,0,0,0,0,0,0,0,0,0,41,90005,27,0,100,0),
(1001010,1,2,270,270,1,1,0,41,50001,500,0,154001,1,41,0,0,0,0,0,0,0,0,0,0,0,41,90005,4,0,100,0),
(1001011,1,2,1080,1080,1,1,0,41,50001,500,0,154002,1,41,0,0,0,0,0,0,0,0,0,0,0,41,90005,18,0,100,0),
(1001012,1,2,1620,1620,1,1,0,41,50001,500,0,154003,1,41,0,0,0,0,0,0,0,0,0,0,0,41,90005,27,0,100,0),
(1001013,1,2,5400,5400,1,1,0,41,50001,500,0,154004,1,41,0,0,0,0,0,0,0,0,0,0,0,41,90005,90,0,100,0),
(1001014,1,2,10800,10800,1,1,0,41,50001,500,0,154005,1,41,0,0,0,0,0,0,0,0,0,0,0,41,90005,180,0,100,0),
(1001015,1,2,27000,27000,1,1,0,41,50001,500,0,154006,1,41,0,0,0,0,0,0,0,0,0,0,0,41,90005,450,0,100,0),
(1002001,2,1,5,5,1,1,0,41,0,0,41,51001,1,41,0,0,41,50003,10000,41,50001,500,0,0,0,41,90005,0,0,101,101),
(1002002,2,1,30,30,1,1,0,41,0,0,41,51002,1,41,51001,5,41,50003,10000,41,50001,1000,0,0,0,41,90005,0,0,101,101),
(1002003,2,1,90,90,1,1,0,41,0,0,41,51003,1,41,51001,5,41,50003,10000,41,50001,1000,0,0,0,41,90005,1,0,101,101),
(1002004,2,1,300,300,1,1,0,41,0,0,41,51004,1,41,51001,8,41,50003,10000,41,50001,1000,0,0,0,41,90005,5,0,101,101),
(1002005,2,1,600,600,1,1,151005,41,51004,1,41,51005,1,41,51003,1,41,51002,10000,41,50001,2000,0,0,0,41,90005,10,0,101,101),
(1002006,2,1,1200,1200,1,1,151006,41,51004,1,41,51006,1,41,51003,1,41,51002,10000,41,50001,2000,0,0,0,41,90005,20,0,101,101),
(1003001,3,1,10,10,1,1,0,41,0,0,41,52001,1,41,0,0,41,50002,10000,41,50001,500,0,0,0,41,90005,0,0,102,102),
(1003002,3,1,360,360,1,1,152002,41,0,0,41,52002,1,41,52001,5,41,50002,10000,41,50001,1000,0,0,0,41,90005,6,0,102,102),
(1003003,3,1,1500,1500,1,1,152003,41,0,0,41,52003,1,41,52001,5,41,50002,10000,41,50001,1000,0,0,0,41,90005,25,0,102,102),
(1003004,3,1,2400,2400,1,1,152004,41,52002,1,41,52004,1,41,52001,1,41,50002,10000,41,50001,2000,0,0,0,41,90005,40,0,102,102),
(1003005,3,1,90,90,1,1,0,41,0,0,41,52005,1,41,0,0,41,50002,10000,41,50001,500,0,0,0,41,90005,1,0,102,102),
(1004001,4,1,60,60,1,1,153001,41,0,0,41,53001,1,41,53005,2,41,50002,10000,41,50001,1000,0,0,0,41,90005,1,0,103,103),
(1004002,4,1,1200,1200,1,1,153002,41,53001,1,41,53002,1,41,53005,5,41,50002,10000,41,50001,2000,0,0,0,41,90005,20,0,103,103),
(1004003,4,1,1800,1800,1,1,153003,41,53001,1,41,53003,1,41,53005,5,41,50002,10000,41,50001,2000,0,0,0,41,90005,30,0,103,103),
(1004004,4,1,6000,6000,1,1,153004,41,0,0,41,53004,1,41,53001,1,41,50002,10000,41,50001,1000,0,0,0,41,90005,100,0,103,103),
(1004005,4,1,6000,6000,1,1,0,41,0,0,41,53005,1,41,0,0,41,50002,10000,41,50001,500,0,0,0,41,90005,100,0,103,103),
(1004006,4,1,900,900,1,1,154001,41,53003,1,41,54001,1,41,52003,1,41,50005,10000,41,50004,2000,0,0,0,41,90005,15,0,104,104),
(1004007,4,1,1200,1200,1,1,154002,41,53001,1,41,54002,1,41,51005,1,41,50005,10000,41,50004,2000,0,0,0,41,90005,20,0,104,104),
(1004008,4,1,1800,1800,1,1,154003,41,51006,1,41,54003,1,41,52001,1,41,50005,10000,41,50004,2000,0,0,0,41,90005,30,0,104,104),
(1004009,4,1,6000,6000,1,1,154004,41,51005,1,41,54004,1,41,53004,1,41,50005,10000,41,50004,2000,0,0,0,41,90005,100,0,104,104),
(1004010,4,1,12000,12000,1,1,154005,41,53002,1,41,54005,1,41,51004,1,41,50005,10000,41,50004,2000,0,0,0,41,90005,200,0,104,104),
(1004011,4,1,480,480,1,1,154006,41,53002,1,41,54006,1,41,52005,1,41,50005,10000,41,50004,2000,0,0,0,41,90005,8,0,104,104),
(1011001,11,1,60,60,1,1,0,41,0,0,0,50001,100,0,0,0,0,0,0,0,0,0,41,50002,40,41,90005,1,0,201,201),
(1012001,12,1,60,60,1,1,0,41,0,0,0,50002,100,0,0,0,0,0,0,0,0,0,41,50003,40,41,90005,1,0,202,202),
(1013001,13,1,60,60,1,1,0,41,0,0,0,50003,100,0,0,0,0,0,0,0,0,0,41,50004,40,41,90005,1,0,203,203),
(1014001,14,1,60,60,1,1,0,41,0,0,0,50004,100,0,0,0,0,0,0,0,0,0,41,50005,40,41,90005,1,0,204,204),
(1031001,31,1,1800,2100,1,1,0,41,51001,1,0,90002,40,41,0,0,0,0,0,0,0,0,0,0,0,41,90005,35,0,301,0),
(1031002,31,1,1800,2100,1,1,0,41,51002,1,0,90002,80,41,0,0,0,0,0,0,0,0,0,0,0,41,90005,35,0,301,0),
(1031003,31,1,1800,2100,1,1,0,41,51003,1,0,90002,120,41,0,0,0,0,0,0,0,0,0,0,0,41,90005,35,0,301,0),
(1031004,31,1,1800,2100,1,1,0,41,51004,1,0,90002,160,41,0,0,0,0,0,0,0,0,0,0,0,41,90005,35,0,301,0),
(1031005,31,1,1800,2100,1,1,0,41,52001,1,0,90002,200,41,0,0,0,0,0,0,0,0,0,0,0,41,90005,35,0,301,0),
(1031006,31,1,1800,2100,1,1,0,41,52005,1,0,90002,240,41,0,0,0,0,0,0,0,0,0,0,0,41,90005,35,0,301,0),
(1031007,31,1,1800,2100,1,1,0,41,53005,1,0,90002,160,41,0,0,0,0,0,0,0,0,0,0,0,41,90005,35,0,301,0),
(1031008,31,1,7200,7500,1,1,0,41,51005,1,0,90002,240,41,0,0,0,0,0,0,0,0,0,0,0,41,90005,125,0,301,0),
(1031009,31,1,7200,7500,1,1,0,41,51006,1,0,90002,320,41,0,0,0,0,0,0,0,0,0,0,0,41,90005,125,0,301,0),
(1031010,31,1,7800,8100,1,1,0,41,52002,1,0,90002,400,41,0,0,0,0,0,0,0,0,0,0,0,41,90005,135,0,301,0),
(1031011,31,1,7800,8100,1,1,0,41,52003,1,0,90002,480,41,0,0,0,0,0,0,0,0,0,0,0,41,90005,135,0,301,0),
(1031012,31,1,7800,8100,1,1,0,41,52004,1,0,90002,240,41,0,0,0,0,0,0,0,0,0,0,0,41,90005,135,0,301,0),
(1031013,31,1,9000,9300,1,1,0,41,53001,1,0,90002,360,41,0,0,0,0,0,0,0,0,0,0,0,41,90005,155,0,301,0),
(1031014,31,1,14400,14700,1,1,0,41,53002,1,0,90002,480,41,0,0,0,0,0,0,0,0,0,0,0,41,90005,245,0,301,0),
(1031015,31,1,14400,14700,1,1,0,41,53003,1,0,90002,600,41,0,0,0,0,0,0,0,0,0,0,0,41,90005,245,0,301,0),
(1031016,31,1,14400,14700,1,1,0,41,53004,1,0,90002,720,41,0,0,0,0,0,0,0,0,0,0,0,41,90005,245,0,301,0),
(1031017,31,1,18000,18300,1,1,0,41,54001,1,0,90002,320,41,0,0,0,0,0,0,0,0,0,0,0,41,90005,305,0,301,0),
(1031018,31,1,18000,18300,1,1,0,41,54002,1,0,90002,480,41,0,0,0,0,0,0,0,0,0,0,0,41,90005,305,0,301,0),
(1031019,31,1,18000,18300,1,1,0,41,54003,1,0,90002,640,41,0,0,0,0,0,0,0,0,0,0,0,41,90005,305,0,301,0),
(1031020,31,1,18000,18300,1,1,0,41,54004,1,0,90002,800,41,0,0,0,0,0,0,0,0,0,0,0,41,90005,305,0,301,0),
(1031021,31,1,18000,18300,1,1,0,41,54005,1,0,90002,960,41,0,0,0,0,0,0,0,0,0,0,0,41,90005,305,0,301,0),
(1031022,31,1,18000,18300,1,1,0,41,54006,1,0,90002,1120,41,0,0,0,0,0,0,0,0,0,0,0,41,90005,305,0,301,0);
/*!40000 ALTER TABLE `manor_manufacture_product` ENABLE KEYS */;
UNLOCK TABLES;

--
-- Table structure for table `config_manor_line_cfg`
--

DROP TABLE IF EXISTS `config_manor_line_cfg`;
/*!40101 SET @saved_cs_client     = @@character_set_client */;
/*!40101 SET character_set_client = utf8 */;
CREATE TABLE `config_manor_line_cfg` (
  `line` int(10) NOT NULL,
  `material_type` int(10) NOT NULL,
  `property_id1` int(10) NOT NULL,
  `property_percent1` int(10) NOT NULL,
  `property_id2` int(10) NOT NULL,
  `property_percent2` int(10) NOT NULL,
  `property_id3` int(10) NOT NULL,
  `property_percent3` int(10) NOT NULL,
  `property_id4` int(10) NOT NULL,
  `property_percent4` int(10) NOT NULL,
  `property_id5` int(10) NOT NULL,
  `property_percent5` int(10) NOT NULL,
  `factor` float(10,0) NOT NULL,
  `storage1` int(11) DEFAULT NULL,
  `storage_up1` int(11) DEFAULT NULL,
  `storage2` int(11) DEFAULT NULL,
  `storage_up2` int(11) DEFAULT NULL,
  `storage3` int(11) DEFAULT NULL,
  `storage_up3` int(11) DEFAULT NULL,
  `limit_down` int(11) DEFAULT NULL,
  `limit_up` int(11) DEFAULT NULL,
  `limit_type` int(11) DEFAULT NULL,
  `limit_id` int(11) DEFAULT NULL,
  `limit_num` int(11) DEFAULT NULL,
  `limit_effect` int(11) DEFAULT NULL
) ENGINE=InnoDB DEFAULT CHARSET=utf8;
/*!40101 SET character_set_client = @saved_cs_client */;

--
-- Dumping data for table `config_manor_line_cfg`
--

LOCK TABLES `config_manor_line_cfg` WRITE;
/*!40000 ALTER TABLE `config_manor_line_cfg` DISABLE KEYS */;
INSERT INTO `config_manor_line_cfg` VALUES (1,100,601,60,601,40,0,0,0,0,0,0,1,0,0,0,0,0,0,1,1,0,0,0,0),
(2,101,301,40,302,25,303,20,304,15,0,0,1,0,0,0,0,0,0,1,1,0,0,0,0),
(3,102,301,40,302,20,303,20,304,20,0,0,1,0,0,0,0,0,0,1,1,0,0,0,0),
(4,103,301,40,302,25,303,15,304,20,0,0,1,0,0,0,0,0,0,1,1,0,0,0,0),
(11,201,401,100,402,100,403,100,0,0,0,0,1,50000,100000,10000,20000,0,0,3000,3000,0,0,0,0),
(12,202,401,100,402,100,403,100,0,0,0,0,1,50000,100000,10000,20000,0,0,3000,3000,0,0,0,0),
(13,203,401,100,402,100,403,100,0,0,0,0,1,50000,100000,10000,20000,0,0,3000,3000,0,0,0,0),
(14,204,401,100,402,100,403,100,0,0,0,0,1,50000,100000,10000,20000,0,0,3000,3000,0,0,0,0),
(31,301,502,60,502,40,5001,60,501,40,0,0,1,0,0,0,0,0,0,5,10,41,90006,50,1);
/*!40000 ALTER TABLE `config_manor_line_cfg` ENABLE KEYS */;
UNLOCK TABLES;

--
-- Table structure for table `pray_config`
--

DROP TABLE IF EXISTS `pray_config`;
/*!40101 SET @saved_cs_client     = @@character_set_client */;
/*!40101 SET character_set_client = utf8 */;
CREATE TABLE `pray_config` (
  `id` int(10) unsigned NOT NULL,
  `product_type` int(10) unsigned NOT NULL,
  `product_id` int(10) unsigned NOT NULL,
  `product_value` int(10) unsigned NOT NULL,
  `progress_needed` int(10) unsigned NOT NULL,
  `consume_type` int(10) unsigned NOT NULL,
  `consume_id` int(10) unsigned NOT NULL,
  `consume_value` int(10) unsigned NOT NULL,
  `cost` int(10) unsigned NOT NULL,
  `contribution` int(10) unsigned NOT NULL,
  `index` int(11) NOT NULL,
  `armylev` int(11) DEFAULT NULL,
  PRIMARY KEY (`id`,`product_type`,`product_id`,`product_value`,`progress_needed`,`consume_type`,`consume_id`,`consume_value`,`cost`,`contribution`,`index`)
) ENGINE=InnoDB DEFAULT CHARSET=utf8;
/*!40101 SET character_set_client = @saved_cs_client */;

--
-- Dumping data for table `pray_config`
--

LOCK TABLES `pray_config` WRITE;
/*!40000 ALTER TABLE `pray_config` DISABLE KEYS */;
INSERT INTO `pray_config` VALUES (1,41,21000,1,0,41,21001,2,50,100,1,1),
(1,41,21000,1,0,41,21002,2,50,100,2,1),
(1,41,21000,1,0,41,21003,2,50,100,3,1),
(1,41,21000,1,0,41,21004,2,50,100,4,1),
(2,41,21000,1,0,41,21005,2,50,100,1,2),
(2,41,21000,1,0,41,21006,2,50,100,2,2),
(2,41,21000,1,0,41,21007,2,50,100,3,2),
(2,41,21000,1,0,41,21008,2,50,100,4,2),
(3,41,22000,1,0,41,22001,2,50,100,1,3),
(3,41,22000,1,0,41,22002,2,50,100,2,3),
(3,41,22000,1,0,41,22003,2,50,100,3,3),
(3,41,22000,1,0,41,22004,2,50,100,4,3),
(4,41,22000,1,0,41,22005,2,50,100,1,4),
(4,41,22000,1,0,41,22006,2,50,100,2,4),
(4,41,22000,1,0,41,22007,2,50,100,3,4),
(4,41,22000,1,0,41,22008,2,50,100,4,4),
(5,41,41001,1,0,41,21001,2,50,100,1,5),
(5,41,41002,1,0,41,21002,2,50,100,2,5),
(5,41,41003,1,0,41,21003,2,50,100,3,5),
(5,41,41004,1,0,41,21004,2,50,100,4,5),
(6,41,41005,1,0,41,21005,2,50,100,1,6),
(6,41,41101,1,0,41,21006,2,50,100,2,6),
(6,41,41102,1,0,41,21007,2,50,100,3,6),
(6,41,41103,1,0,41,21008,2,50,100,4,6),
(7,41,41001,1,0,41,22002,2,50,100,4,7),
(7,41,41104,1,0,41,21009,2,50,100,1,7),
(7,41,41105,1,0,41,21010,2,50,100,2,7),
(7,41,41201,1,0,41,22001,2,50,100,3,7),
(8,41,41002,1,0,41,22003,2,50,100,1,8),
(8,41,41003,1,0,41,22004,2,50,100,2,8),
(8,41,41004,1,0,41,22005,2,50,100,3,8),
(8,41,41005,1,0,41,22006,2,50,100,4,8),
(9,41,41101,1,0,41,22007,2,50,100,1,9),
(9,41,41102,1,0,41,22008,2,50,100,2,9),
(9,41,41103,1,0,41,22009,2,50,100,3,9),
(9,41,41104,1,0,41,22010,2,50,100,4,9),
(10,41,41001,1,0,41,21001,2,50,100,1,10),
(10,41,41002,1,0,41,21002,2,50,100,2,10),
(10,41,41003,1,0,41,21003,2,50,100,3,10),
(10,41,41004,1,0,41,21004,2,50,100,4,10),
(11,41,41005,1,0,41,21005,2,50,100,1,11),
(11,41,41101,1,0,41,21006,2,50,100,2,11),
(11,41,41102,1,0,41,21007,2,50,100,3,11),
(11,41,41103,1,0,41,21008,2,50,100,4,11),
(12,41,41001,1,0,41,22002,2,50,100,4,12),
(12,41,41104,1,0,41,21009,2,50,100,1,12),
(12,41,41105,1,0,41,21010,2,50,100,2,12),
(12,41,41201,1,0,41,22001,2,50,100,3,12),
(13,41,41002,1,0,41,22003,2,50,100,1,13),
(13,41,41003,1,0,41,22004,2,50,100,2,13),
(13,41,41004,1,0,41,22005,2,50,100,3,13),
(13,41,41005,1,0,41,22006,2,50,100,4,13),
(14,41,41101,1,0,41,22007,2,50,100,1,14),
(14,41,41102,1,0,41,22008,2,50,100,2,14),
(14,41,41103,1,0,41,22009,2,50,100,3,14),
(14,41,41104,1,0,41,22010,2,50,100,4,14);
/*!40000 ALTER TABLE `pray_config` ENABLE KEYS */;
UNLOCK TABLES;

--
-- Table structure for table `GuildExploreConfig`
--

DROP TABLE IF EXISTS `GuildExploreConfig`;
/*!40101 SET @saved_cs_client     = @@character_set_client */;
/*!40101 SET character_set_client = utf8 */;
CREATE TABLE `GuildExploreConfig` (
  `mapid` int(10) NOT NULL,
  `mapicon` varchar(255) DEFAULT NULL,
  `map_property` int(10) NOT NULL,
  `explore_count` int(10) NOT NULL,
  `product_type` int(10) NOT NULL,
  `product_id` int(10) NOT NULL,
  `product_value` int(10) NOT NULL,
  `prob` int(10) NOT NULL,
  `worth` int(10) NOT NULL,
  `time_min` int(10) NOT NULL,
  `time_max` int(10) NOT NULL,
  `worth_add` int(11) DEFAULT NULL,
  PRIMARY KEY (`mapid`,`map_property`,`explore_count`,`product_type`,`product_id`,`product_value`,`prob`,`worth`,`time_min`,`time_max`)
) ENGINE=InnoDB DEFAULT CHARSET=utf8;
/*!40101 SET character_set_client = @saved_cs_client */;

--
-- Dumping data for table `GuildExploreConfig`
--

LOCK TABLES `GuildExploreConfig` WRITE;
/*!40000 ALTER TABLE `GuildExploreConfig` DISABLE KEYS */;
INSERT INTO `GuildExploreConfig` VALUES (1,'daotuan_map_01',48,0,41,90021,50,10000,0,1,1,18),
(1,'daotuan_map_01',48,1,41,50001,100,10000,185,1,5,18),
(1,'daotuan_map_01',48,1,41,90021,100,10000,185,1,5,18),
(1,'daotuan_map_01',48,2,41,50002,100,10000,185,1,5,18),
(1,'daotuan_map_01',48,2,41,90021,100,10000,185,1,5,18),
(1,'daotuan_map_01',48,3,41,50003,100,10000,185,1,5,18),
(1,'daotuan_map_01',48,3,41,90021,100,10000,185,1,5,18),
(1,'daotuan_map_01',48,4,41,50001,100,10000,185,1,5,18),
(1,'daotuan_map_01',48,4,41,90021,100,10000,185,1,5,18),
(1,'daotuan_map_01',48,5,41,50002,100,10000,185,1,5,18),
(1,'daotuan_map_01',48,5,41,90021,100,10000,185,1,5,18),
(1,'daotuan_map_01',48,6,41,50003,100,10000,185,1,5,18),
(1,'daotuan_map_01',48,6,41,90021,100,10000,185,1,5,18),
(1,'daotuan_map_01',48,7,41,50001,100,10000,185,1,5,18),
(1,'daotuan_map_01',48,7,41,90021,100,10000,185,1,5,18),
(1,'daotuan_map_01',48,8,41,50002,100,10000,185,1,5,18),
(1,'daotuan_map_01',48,8,41,90021,100,10000,185,1,5,18),
(1,'daotuan_map_01',48,9,41,50003,100,10000,185,1,5,18),
(1,'daotuan_map_01',48,9,41,90021,100,10000,185,1,5,18),
(1,'daotuan_map_01',48,10,41,50001,100,10000,185,1,5,18),
(1,'daotuan_map_01',48,10,41,90021,100,10000,185,1,5,18),
(1,'daotuan_map_01',48,11,41,50002,100,10000,185,1,5,18),
(1,'daotuan_map_01',48,11,41,90021,100,10000,185,1,5,18),
(1,'daotuan_map_01',48,12,41,50003,100,10000,185,1,5,18),
(1,'daotuan_map_01',48,12,41,90021,100,10000,185,1,5,18),
(1,'daotuan_map_01',48,13,41,50001,100,10000,185,1,5,18),
(1,'daotuan_map_01',48,13,41,90021,100,10000,185,1,5,18),
(1,'daotuan_map_01',48,14,41,50002,100,10000,185,1,5,18),
(1,'daotuan_map_01',48,14,41,90021,100,10000,185,1,5,18),
(1,'daotuan_map_01',48,15,41,50003,100,10000,185,1,5,18),
(1,'daotuan_map_01',48,15,41,90021,100,10000,185,1,5,18),
(1,'daotuan_map_01',48,16,41,50001,100,10000,185,1,5,18),
(1,'daotuan_map_01',48,16,41,90021,100,10000,185,1,5,18),
(1,'daotuan_map_01',48,17,41,50002,100,10000,185,1,5,18),
(1,'daotuan_map_01',48,17,41,90021,100,10000,185,1,5,18),
(1,'daotuan_map_01',48,18,41,50003,100,10000,185,1,5,18),
(1,'daotuan_map_01',48,18,41,90021,100,10000,185,1,5,18),
(1,'daotuan_map_01',48,19,41,50001,100,10000,185,1,5,18),
(1,'daotuan_map_01',48,19,41,90021,100,10000,185,1,5,18),
(1,'daotuan_map_01',48,20,41,50002,100,10000,185,1,5,18),
(1,'daotuan_map_01',48,20,41,90021,100,10000,185,1,5,18),
(1,'daotuan_map_01',48,21,41,50003,100,10000,185,1,5,18),
(1,'daotuan_map_01',48,21,41,90021,100,10000,185,1,5,18),
(1,'daotuan_map_01',48,22,41,50001,100,10000,185,1,5,18),
(1,'daotuan_map_01',48,22,41,90021,100,10000,185,1,5,18),
(1,'daotuan_map_01',48,23,41,50002,100,10000,185,1,5,18),
(1,'daotuan_map_01',48,23,41,90021,100,10000,185,1,5,18),
(1,'daotuan_map_01',48,24,41,50003,100,10000,185,1,5,18),
(1,'daotuan_map_01',48,24,41,90021,100,10000,185,1,5,18),
(1,'daotuan_map_01',48,25,41,50001,100,10000,185,1,5,18),
(1,'daotuan_map_01',48,25,41,90021,100,10000,185,1,5,18),
(1,'daotuan_map_01',48,26,41,50002,100,10000,185,1,5,18),
(1,'daotuan_map_01',48,26,41,90021,100,10000,185,1,5,18),
(1,'daotuan_map_01',48,27,41,50003,100,10000,185,1,5,18),
(1,'daotuan_map_01',48,27,41,90021,100,10000,185,1,5,18),
(1,'daotuan_map_01',48,28,41,50001,100,10000,185,1,5,18),
(1,'daotuan_map_01',48,28,41,90021,100,10000,185,1,5,18),
(1,'daotuan_map_01',48,29,41,50002,100,10000,185,1,5,18),
(1,'daotuan_map_01',48,29,41,90021,100,10000,185,1,5,18),
(1,'daotuan_map_01',48,30,41,50003,100,10000,185,1,5,18),
(1,'daotuan_map_01',48,30,41,90021,100,10000,185,1,5,18),
(1,'daotuan_map_01',48,31,41,50001,100,10000,185,1,5,18),
(1,'daotuan_map_01',48,31,41,90021,100,10000,185,1,5,18),
(1,'daotuan_map_01',48,32,41,50002,100,10000,185,1,5,18),
(1,'daotuan_map_01',48,32,41,90021,100,10000,185,1,5,18),
(1,'daotuan_map_01',48,33,41,50003,100,10000,185,1,5,18),
(1,'daotuan_map_01',48,33,41,90021,100,10000,185,1,5,18),
(1,'daotuan_map_01',48,34,41,50001,100,10000,185,1,5,18),
(1,'daotuan_map_01',48,34,41,90021,100,10000,185,1,5,18),
(1,'daotuan_map_01',48,35,41,50002,100,10000,185,1,5,18),
(1,'daotuan_map_01',48,35,41,90021,100,10000,185,1,5,18),
(1,'daotuan_map_01',48,36,41,50003,100,10000,185,1,5,18),
(1,'daotuan_map_01',48,36,41,90021,100,10000,185,1,5,18),
(1,'daotuan_map_01',48,37,41,50001,100,10000,185,1,5,18),
(1,'daotuan_map_01',48,37,41,90021,100,10000,185,1,5,18),
(1,'daotuan_map_01',48,38,41,50002,100,10000,185,1,5,18),
(1,'daotuan_map_01',48,38,41,90021,100,10000,185,1,5,18),
(1,'daotuan_map_01',48,39,41,50003,100,10000,185,1,5,18),
(1,'daotuan_map_01',48,39,41,90021,100,10000,185,1,5,18),
(1,'daotuan_map_01',48,40,41,50001,100,10000,185,1,5,18),
(1,'daotuan_map_01',48,40,41,90021,100,10000,185,1,5,18),
(1,'daotuan_map_01',48,41,41,50002,100,10000,185,1,5,18),
(1,'daotuan_map_01',48,41,41,90021,100,10000,185,1,5,18),
(1,'daotuan_map_01',48,42,41,50003,100,10000,185,1,5,18),
(1,'daotuan_map_01',48,42,41,90021,100,10000,185,1,5,18),
(1,'daotuan_map_01',48,43,41,50001,100,10000,185,1,5,18),
(1,'daotuan_map_01',48,43,41,90021,100,10000,185,1,5,18),
(1,'daotuan_map_01',48,44,41,50002,100,10000,185,1,5,18),
(1,'daotuan_map_01',48,44,41,90021,100,10000,185,1,5,18),
(1,'daotuan_map_01',48,45,41,50003,100,10000,185,1,5,18),
(1,'daotuan_map_01',48,45,41,90021,100,10000,185,1,5,18),
(1,'daotuan_map_01',48,46,41,50001,100,10000,185,1,5,18),
(1,'daotuan_map_01',48,46,41,90021,100,10000,185,1,5,18),
(1,'daotuan_map_01',48,47,41,50002,100,10000,185,1,5,18),
(1,'daotuan_map_01',48,47,41,90021,100,10000,185,1,5,18),
(1,'daotuan_map_01',48,48,41,50003,100,10000,185,1,5,18),
(1,'daotuan_map_01',48,48,41,90021,100,10000,185,1,5,18),
(1,'daotuan_map_01',48,49,41,50001,100,10000,185,1,5,18),
(1,'daotuan_map_01',48,49,41,90021,100,10000,185,1,5,18),
(1,'daotuan_map_01',48,50,41,50002,100,10000,185,1,5,18),
(1,'daotuan_map_01',48,50,41,90021,100,10000,185,1,5,18),
(1,'daotuan_map_01',48,51,41,50003,100,10000,185,1,5,18),
(1,'daotuan_map_01',48,51,41,90021,100,10000,185,1,5,18),
(1,'daotuan_map_01',48,52,41,50001,100,10000,185,1,5,18),
(1,'daotuan_map_01',48,52,41,90021,100,10000,185,1,5,18),
(1,'daotuan_map_01',48,53,41,50002,100,10000,185,1,5,18),
(1,'daotuan_map_01',48,53,41,90021,100,10000,185,1,5,18),
(1,'daotuan_map_01',48,54,41,50003,100,10000,195,1,5,18),
(1,'daotuan_map_01',48,54,41,90021,100,10000,195,1,5,18),
(2,'daotuan_map_02',12,0,41,90021,60,10000,0,1,1,18),
(2,'daotuan_map_02',12,1,41,50001,100,10000,185,1,5,18),
(2,'daotuan_map_02',12,1,41,90021,100,10000,185,1,5,18),
(2,'daotuan_map_02',12,2,41,50002,100,10000,185,1,5,18),
(2,'daotuan_map_02',12,2,41,90021,100,10000,185,1,5,18),
(2,'daotuan_map_02',12,3,41,50003,100,10000,185,1,5,18),
(2,'daotuan_map_02',12,3,41,90021,100,10000,185,1,5,18),
(2,'daotuan_map_02',12,4,41,50001,100,10000,185,1,5,18),
(2,'daotuan_map_02',12,4,41,90021,100,10000,185,1,5,18),
(2,'daotuan_map_02',12,5,41,50002,100,10000,185,1,5,18),
(2,'daotuan_map_02',12,5,41,90021,100,10000,185,1,5,18),
(2,'daotuan_map_02',12,6,41,50003,100,10000,185,1,5,18),
(2,'daotuan_map_02',12,6,41,90021,100,10000,185,1,5,18),
(2,'daotuan_map_02',12,7,41,50001,100,10000,185,1,5,18),
(2,'daotuan_map_02',12,7,41,90021,100,10000,185,1,5,18),
(2,'daotuan_map_02',12,8,41,50002,100,10000,185,1,5,18),
(2,'daotuan_map_02',12,8,41,90021,100,10000,185,1,5,18),
(2,'daotuan_map_02',12,9,41,50003,100,10000,185,1,5,18),
(2,'daotuan_map_02',12,9,41,90021,100,10000,185,1,5,18),
(2,'daotuan_map_02',12,10,41,50001,100,10000,185,1,5,18),
(2,'daotuan_map_02',12,10,41,90021,100,10000,185,1,5,18),
(2,'daotuan_map_02',12,11,41,50002,100,10000,185,1,5,18),
(2,'daotuan_map_02',12,11,41,90021,100,10000,185,1,5,18),
(2,'daotuan_map_02',12,12,41,50003,100,10000,185,1,5,18),
(2,'daotuan_map_02',12,12,41,90021,100,10000,185,1,5,18),
(2,'daotuan_map_02',12,13,41,50001,100,10000,185,1,5,18),
(2,'daotuan_map_02',12,13,41,90021,100,10000,185,1,5,18),
(2,'daotuan_map_02',12,14,41,50002,100,10000,185,1,5,18),
(2,'daotuan_map_02',12,14,41,90021,100,10000,185,1,5,18),
(2,'daotuan_map_02',12,15,41,50003,100,10000,185,1,5,18),
(2,'daotuan_map_02',12,15,41,90021,100,10000,185,1,5,18),
(2,'daotuan_map_02',12,16,41,50001,100,10000,185,1,5,18),
(2,'daotuan_map_02',12,16,41,90021,100,10000,185,1,5,18),
(2,'daotuan_map_02',12,17,41,50002,100,10000,185,1,5,18),
(2,'daotuan_map_02',12,17,41,90021,100,10000,185,1,5,18),
(2,'daotuan_map_02',12,18,41,50003,100,10000,185,1,5,18),
(2,'daotuan_map_02',12,18,41,90021,100,10000,185,1,5,18),
(2,'daotuan_map_02',12,19,41,50001,100,10000,185,1,5,18),
(2,'daotuan_map_02',12,19,41,90021,100,10000,185,1,5,18),
(2,'daotuan_map_02',12,20,41,50002,100,10000,185,1,5,18),
(2,'daotuan_map_02',12,20,41,90021,100,10000,185,1,5,18),
(2,'daotuan_map_02',12,21,41,50003,100,10000,185,1,5,18),
(2,'daotuan_map_02',12,21,41,90021,100,10000,185,1,5,18),
(2,'daotuan_map_02',12,22,41,50001,100,10000,185,1,5,18),
(2,'daotuan_map_02',12,22,41,90021,100,10000,185,1,5,18),
(2,'daotuan_map_02',12,23,41,50002,100,10000,185,1,5,18),
(2,'daotuan_map_02',12,23,41,90021,100,10000,185,1,5,18),
(2,'daotuan_map_02',12,24,41,50003,100,10000,185,1,5,18),
(2,'daotuan_map_02',12,24,41,90021,100,10000,185,1,5,18),
(2,'daotuan_map_02',12,25,41,50001,100,10000,185,1,5,18),
(2,'daotuan_map_02',12,25,41,90021,100,10000,185,1,5,18),
(2,'daotuan_map_02',12,26,41,50002,100,10000,185,1,5,18),
(2,'daotuan_map_02',12,26,41,90021,100,10000,185,1,5,18),
(2,'daotuan_map_02',12,27,41,50003,100,10000,185,1,5,18),
(2,'daotuan_map_02',12,27,41,90021,100,10000,185,1,5,18),
(2,'daotuan_map_02',12,28,41,50001,100,10000,185,1,5,18),
(2,'daotuan_map_02',12,28,41,90021,100,10000,185,1,5,18),
(2,'daotuan_map_02',12,29,41,50002,100,10000,185,1,5,18),
(2,'daotuan_map_02',12,29,41,90021,100,10000,185,1,5,18),
(2,'daotuan_map_02',12,30,41,50003,100,10000,185,1,5,18),
(2,'daotuan_map_02',12,30,41,90021,100,10000,185,1,5,18),
(2,'daotuan_map_02',12,31,41,50001,100,10000,185,1,5,18),
(2,'daotuan_map_02',12,31,41,90021,100,10000,185,1,5,18),
(2,'daotuan_map_02',12,32,41,50002,100,10000,185,1,5,18),
(2,'daotuan_map_02',12,32,41,90021,100,10000,185,1,5,18),
(2,'daotuan_map_02',12,33,41,50003,100,10000,185,1,5,18),
(2,'daotuan_map_02',12,33,41,90021,100,10000,185,1,5,18),
(2,'daotuan_map_02',12,34,41,50001,100,10000,185,1,5,18),
(2,'daotuan_map_02',12,34,41,90021,100,10000,185,1,5,18),
(2,'daotuan_map_02',12,35,41,50002,100,10000,185,1,5,18),
(2,'daotuan_map_02',12,35,41,90021,100,10000,185,1,5,18),
(2,'daotuan_map_02',12,36,41,50003,100,10000,185,1,5,18),
(2,'daotuan_map_02',12,36,41,90021,100,10000,185,1,5,18),
(2,'daotuan_map_02',12,37,41,50001,100,10000,185,1,5,18),
(2,'daotuan_map_02',12,37,41,90021,100,10000,185,1,5,18),
(2,'daotuan_map_02',12,38,41,50002,100,10000,185,1,5,18),
(2,'daotuan_map_02',12,38,41,90021,100,10000,185,1,5,18),
(2,'daotuan_map_02',12,39,41,50003,100,10000,185,1,5,18),
(2,'daotuan_map_02',12,39,41,90021,100,10000,185,1,5,18),
(2,'daotuan_map_02',12,40,41,50001,100,10000,185,1,5,18),
(2,'daotuan_map_02',12,40,41,90021,100,10000,185,1,5,18),
(2,'daotuan_map_02',12,41,41,50002,100,10000,185,1,5,18),
(2,'daotuan_map_02',12,41,41,90021,100,10000,185,1,5,18),
(2,'daotuan_map_02',12,42,41,50003,100,10000,185,1,5,18),
(2,'daotuan_map_02',12,42,41,90021,100,10000,185,1,5,18),
(2,'daotuan_map_02',12,43,41,50001,100,10000,185,1,5,18),
(2,'daotuan_map_02',12,43,41,90021,100,10000,185,1,5,18),
(2,'daotuan_map_02',12,44,41,50002,100,10000,185,1,5,18),
(2,'daotuan_map_02',12,44,41,90021,100,10000,185,1,5,18),
(2,'daotuan_map_02',12,45,41,50003,100,10000,185,1,5,18),
(2,'daotuan_map_02',12,45,41,90021,100,10000,185,1,5,18),
(2,'daotuan_map_02',12,46,41,50001,100,10000,185,1,5,18),
(2,'daotuan_map_02',12,46,41,90021,100,10000,185,1,5,18),
(2,'daotuan_map_02',12,47,41,50002,100,10000,185,1,5,18),
(2,'daotuan_map_02',12,47,41,90021,100,10000,185,1,5,18),
(2,'daotuan_map_02',12,48,41,50003,100,10000,185,1,5,18),
(2,'daotuan_map_02',12,48,41,90021,100,10000,185,1,5,18),
(2,'daotuan_map_02',12,49,41,50001,100,10000,185,1,5,18),
(2,'daotuan_map_02',12,49,41,90021,100,10000,185,1,5,18),
(2,'daotuan_map_02',12,50,41,50002,100,10000,185,1,5,18),
(2,'daotuan_map_02',12,50,41,90021,100,10000,185,1,5,18),
(2,'daotuan_map_02',12,51,41,50003,100,10000,185,1,5,18),
(2,'daotuan_map_02',12,51,41,90021,100,10000,185,1,5,18),
(2,'daotuan_map_02',12,52,41,50001,100,10000,185,1,5,18),
(2,'daotuan_map_02',12,52,41,90021,100,10000,185,1,5,18),
(2,'daotuan_map_02',12,53,41,50002,100,10000,185,1,5,18),
(2,'daotuan_map_02',12,53,41,90021,100,10000,185,1,5,18),
(2,'daotuan_map_02',12,54,41,50003,100,10000,195,1,5,18),
(2,'daotuan_map_02',12,54,41,90021,100,10000,195,1,5,18),
(3,'daotuan_map_03',3,0,41,90021,70,10000,0,1,1,18),
(3,'daotuan_map_03',3,1,41,50001,100,10000,185,1,5,18),
(3,'daotuan_map_03',3,1,41,90021,100,10000,185,1,5,18),
(3,'daotuan_map_03',3,2,41,50002,100,10000,185,1,5,18),
(3,'daotuan_map_03',3,2,41,90021,100,10000,185,1,5,18),
(3,'daotuan_map_03',3,3,41,50003,100,10000,185,1,5,18),
(3,'daotuan_map_03',3,3,41,90021,100,10000,185,1,5,18),
(3,'daotuan_map_03',3,4,41,50001,100,10000,185,1,5,18),
(3,'daotuan_map_03',3,4,41,90021,100,10000,185,1,5,18),
(3,'daotuan_map_03',3,5,41,50002,100,10000,185,1,5,18),
(3,'daotuan_map_03',3,5,41,90021,100,10000,185,1,5,18),
(3,'daotuan_map_03',3,6,41,50003,100,10000,185,1,5,18),
(3,'daotuan_map_03',3,6,41,90021,100,10000,185,1,5,18),
(3,'daotuan_map_03',3,7,41,50001,100,10000,185,1,5,18),
(3,'daotuan_map_03',3,7,41,90021,100,10000,185,1,5,18),
(3,'daotuan_map_03',3,8,41,50002,100,10000,185,1,5,18),
(3,'daotuan_map_03',3,8,41,90021,100,10000,185,1,5,18),
(3,'daotuan_map_03',3,9,41,50003,100,10000,185,1,5,18),
(3,'daotuan_map_03',3,9,41,90021,100,10000,185,1,5,18),
(3,'daotuan_map_03',3,10,41,50001,100,10000,185,1,5,18),
(3,'daotuan_map_03',3,10,41,90021,100,10000,185,1,5,18),
(3,'daotuan_map_03',3,11,41,50002,100,10000,185,1,5,18),
(3,'daotuan_map_03',3,11,41,90021,100,10000,185,1,5,18),
(3,'daotuan_map_03',3,12,41,50003,100,10000,185,1,5,18),
(3,'daotuan_map_03',3,12,41,90021,100,10000,185,1,5,18),
(3,'daotuan_map_03',3,13,41,50001,100,10000,185,1,5,18),
(3,'daotuan_map_03',3,13,41,90021,100,10000,185,1,5,18),
(3,'daotuan_map_03',3,14,41,50002,100,10000,185,1,5,18),
(3,'daotuan_map_03',3,14,41,90021,100,10000,185,1,5,18),
(3,'daotuan_map_03',3,15,41,50003,100,10000,185,1,5,18),
(3,'daotuan_map_03',3,15,41,90021,100,10000,185,1,5,18),
(3,'daotuan_map_03',3,16,41,50001,100,10000,185,1,5,18),
(3,'daotuan_map_03',3,16,41,90021,100,10000,185,1,5,18),
(3,'daotuan_map_03',3,17,41,50002,100,10000,185,1,5,18),
(3,'daotuan_map_03',3,17,41,90021,100,10000,185,1,5,18),
(3,'daotuan_map_03',3,18,41,50003,100,10000,185,1,5,18),
(3,'daotuan_map_03',3,18,41,90021,100,10000,185,1,5,18),
(3,'daotuan_map_03',3,19,41,50001,100,10000,185,1,5,18),
(3,'daotuan_map_03',3,19,41,90021,100,10000,185,1,5,18),
(3,'daotuan_map_03',3,20,41,50002,100,10000,185,1,5,18),
(3,'daotuan_map_03',3,20,41,90021,100,10000,185,1,5,18),
(3,'daotuan_map_03',3,21,41,50003,100,10000,185,1,5,18),
(3,'daotuan_map_03',3,21,41,90021,100,10000,185,1,5,18),
(3,'daotuan_map_03',3,22,41,50001,100,10000,185,1,5,18),
(3,'daotuan_map_03',3,22,41,90021,100,10000,185,1,5,18),
(3,'daotuan_map_03',3,23,41,50002,100,10000,185,1,5,18),
(3,'daotuan_map_03',3,23,41,90021,100,10000,185,1,5,18),
(3,'daotuan_map_03',3,24,41,50003,100,10000,185,1,5,18),
(3,'daotuan_map_03',3,24,41,90021,100,10000,185,1,5,18),
(3,'daotuan_map_03',3,25,41,50001,100,10000,185,1,5,18),
(3,'daotuan_map_03',3,25,41,90021,100,10000,185,1,5,18),
(3,'daotuan_map_03',3,26,41,50002,100,10000,185,1,5,18),
(3,'daotuan_map_03',3,26,41,90021,100,10000,185,1,5,18),
(3,'daotuan_map_03',3,27,41,50003,100,10000,185,1,5,18),
(3,'daotuan_map_03',3,27,41,90021,100,10000,185,1,5,18),
(3,'daotuan_map_03',3,28,41,50001,100,10000,185,1,5,18),
(3,'daotuan_map_03',3,28,41,90021,100,10000,185,1,5,18),
(3,'daotuan_map_03',3,29,41,50002,100,10000,185,1,5,18),
(3,'daotuan_map_03',3,29,41,90021,100,10000,185,1,5,18),
(3,'daotuan_map_03',3,30,41,50003,100,10000,185,1,5,18),
(3,'daotuan_map_03',3,30,41,90021,100,10000,185,1,5,18),
(3,'daotuan_map_03',3,31,41,50001,100,10000,185,1,5,18),
(3,'daotuan_map_03',3,31,41,90021,100,10000,185,1,5,18),
(3,'daotuan_map_03',3,32,41,50002,100,10000,185,1,5,18),
(3,'daotuan_map_03',3,32,41,90021,100,10000,185,1,5,18),
(3,'daotuan_map_03',3,33,41,50003,100,10000,185,1,5,18),
(3,'daotuan_map_03',3,33,41,90021,100,10000,185,1,5,18),
(3,'daotuan_map_03',3,34,41,50001,100,10000,185,1,5,18),
(3,'daotuan_map_03',3,34,41,90021,100,10000,185,1,5,18),
(3,'daotuan_map_03',3,35,41,50002,100,10000,185,1,5,18),
(3,'daotuan_map_03',3,35,41,90021,100,10000,185,1,5,18),
(3,'daotuan_map_03',3,36,41,50003,100,10000,185,1,5,18),
(3,'daotuan_map_03',3,36,41,90021,100,10000,185,1,5,18),
(3,'daotuan_map_03',3,37,41,50001,100,10000,185,1,5,18),
(3,'daotuan_map_03',3,37,41,90021,100,10000,185,1,5,18),
(3,'daotuan_map_03',3,38,41,50002,100,10000,185,1,5,18),
(3,'daotuan_map_03',3,38,41,90021,100,10000,185,1,5,18),
(3,'daotuan_map_03',3,39,41,50003,100,10000,185,1,5,18),
(3,'daotuan_map_03',3,39,41,90021,100,10000,185,1,5,18),
(3,'daotuan_map_03',3,40,41,50001,100,10000,185,1,5,18),
(3,'daotuan_map_03',3,40,41,90021,100,10000,185,1,5,18),
(3,'daotuan_map_03',3,41,41,50002,100,10000,185,1,5,18),
(3,'daotuan_map_03',3,41,41,90021,100,10000,185,1,5,18),
(3,'daotuan_map_03',3,42,41,50003,100,10000,185,1,5,18),
(3,'daotuan_map_03',3,42,41,90021,100,10000,185,1,5,18),
(3,'daotuan_map_03',3,43,41,50001,100,10000,185,1,5,18),
(3,'daotuan_map_03',3,43,41,90021,100,10000,185,1,5,18),
(3,'daotuan_map_03',3,44,41,50002,100,10000,185,1,5,18),
(3,'daotuan_map_03',3,44,41,90021,100,10000,185,1,5,18),
(3,'daotuan_map_03',3,45,41,50003,100,10000,185,1,5,18),
(3,'daotuan_map_03',3,45,41,90021,100,10000,185,1,5,18),
(3,'daotuan_map_03',3,46,41,50001,100,10000,185,1,5,18),
(3,'daotuan_map_03',3,46,41,90021,100,10000,185,1,5,18),
(3,'daotuan_map_03',3,47,41,50002,100,10000,185,1,5,18),
(3,'daotuan_map_03',3,47,41,90021,100,10000,185,1,5,18),
(3,'daotuan_map_03',3,48,41,50003,100,10000,185,1,5,18),
(3,'daotuan_map_03',3,48,41,90021,100,10000,185,1,5,18),
(3,'daotuan_map_03',3,49,41,50001,100,10000,185,1,5,18),
(3,'daotuan_map_03',3,49,41,90021,100,10000,185,1,5,18),
(3,'daotuan_map_03',3,50,41,50002,100,10000,185,1,5,18),
(3,'daotuan_map_03',3,50,41,90021,100,10000,185,1,5,18),
(3,'daotuan_map_03',3,51,41,50003,100,10000,185,1,5,18),
(3,'daotuan_map_03',3,51,41,90021,100,10000,185,1,5,18),
(3,'daotuan_map_03',3,52,41,50001,100,10000,185,1,5,18),
(3,'daotuan_map_03',3,52,41,90021,100,10000,185,1,5,18),
(3,'daotuan_map_03',3,53,41,50002,100,10000,185,1,5,18),
(3,'daotuan_map_03',3,53,41,90021,100,10000,185,1,5,18),
(3,'daotuan_map_03',3,54,41,50003,100,10000,195,1,5,18),
(3,'daotuan_map_03',3,54,41,90021,100,10000,195,1,5,18);
/*!40000 ALTER TABLE `GuildExploreConfig` ENABLE KEYS */;
UNLOCK TABLES;

--
-- Table structure for table `timeControl`
--

DROP TABLE IF EXISTS `timeControl`;
/*!40101 SET @saved_cs_client     = @@character_set_client */;
/*!40101 SET character_set_client = utf8 */;
CREATE TABLE `timeControl` (
  `gid` int(11) NOT NULL AUTO_INCREMENT,
  `id` int(11) NOT NULL,
  `activity_type` int(11) NOT NULL,
  `begin_time` timestamp NOT NULL DEFAULT '0000-00-00 00:00:00',
  `end_time` timestamp NOT NULL DEFAULT '0000-00-00 00:00:00',
  `duration_per_period` int(11) NOT NULL,
  `valid_time_per_period` int(10) unsigned NOT NULL,
  PRIMARY KEY (`gid`)
) ENGINE=InnoDB AUTO_INCREMENT=1039 DEFAULT CHARSET=utf8;
/*!40101 SET character_set_client = @saved_cs_client */;

--
-- Dumping data for table `timeControl`
--

LOCK TABLES `timeControl` WRITE;
/*!40000 ALTER TABLE `timeControl` DISABLE KEYS */;
INSERT INTO `timeControl` VALUES (1001,1,1,'2017-02-20 21:00:00','2037-02-20 21:00:00',86400,86400),
(1002,2,1,'2017-02-20 21:00:00','2037-02-20 21:00:00',86400,86400),
(1003,3,1,'2017-02-20 21:00:00','2037-02-20 21:00:00',86400,86400),
(1004,32,1,'2017-04-03 03:30:00','2027-04-03 03:30:00',604800,14400),
(1005,32,1,'2017-04-03 07:45:00','2027-04-03 07:45:00',604800,21600),
(1006,32,1,'2017-04-04 03:30:00','2027-04-04 03:30:00',604800,14400),
(1007,32,1,'2017-04-04 07:45:00','2027-04-04 07:45:00',604800,21600),
(1008,32,1,'2017-04-05 03:30:00','2027-04-05 03:30:00',604800,14400),
(1009,32,1,'2017-04-05 07:45:00','2027-04-05 07:45:00',604800,21600),
(1010,32,1,'2017-04-06 03:30:00','2027-04-06 03:30:00',604800,14400),
(1011,32,1,'2017-04-06 07:45:00','2027-04-06 07:45:00',604800,21600),
(1012,32,1,'2017-04-07 03:30:00','2027-04-07 03:30:00',604800,14400),
(1013,32,1,'2017-04-07 07:45:00','2027-04-07 07:45:00',604800,21600),
(1014,32,1,'2017-04-08 00:00:00','2027-04-08 04:15:00',604800,15300),
(1015,32,1,'2017-04-08 04:30:00','2027-04-08 08:45:00',604800,15300),
(1016,32,1,'2017-04-08 09:00:00','2027-04-08 13:15:00',604800,15300),
(1017,32,1,'2017-04-09 00:00:00','2027-04-09 04:15:00',604800,15300),
(1018,32,1,'2017-04-09 04:30:00','2027-04-09 08:45:00',604800,15300),
(1019,32,1,'2017-04-09 09:00:00','2027-04-09 13:15:00',604800,15300),
(1020,33,1,'2017-04-03 03:30:00','2027-04-03 03:30:00',604800,14400),
(1021,33,1,'2017-04-03 07:45:00','2027-04-03 07:45:00',604800,21600),
(1022,33,1,'2017-04-04 03:30:00','2027-04-04 03:30:00',604800,14400),
(1023,33,1,'2017-04-04 07:45:00','2027-04-04 07:45:00',604800,21600),
(1024,33,1,'2017-04-05 03:30:00','2027-04-05 03:30:00',604800,14400),
(1025,33,1,'2017-04-05 07:45:00','2027-04-05 07:45:00',604800,21600),
(1026,33,1,'2017-04-06 03:30:00','2027-04-06 03:30:00',604800,14400),
(1027,33,1,'2017-04-06 07:45:00','2027-04-06 07:45:00',604800,21600),
(1028,33,1,'2017-04-07 03:30:00','2027-04-07 03:30:00',604800,14400),
(1029,33,1,'2017-04-07 07:45:00','2027-04-07 07:45:00',604800,21600),
(1030,33,1,'2017-04-08 00:00:00','2027-04-08 04:15:00',604800,15300),
(1031,33,1,'2017-04-08 04:30:00','2027-04-08 08:45:00',604800,15300),
(1032,33,1,'2017-04-08 09:00:00','2027-04-08 13:15:00',604800,15300),
(1033,33,1,'2017-04-09 00:00:00','2027-04-09 04:15:00',604800,15300),
(1034,33,1,'2017-04-09 04:30:00','2027-04-09 08:45:00',604800,15300),
(1035,33,1,'2017-04-09 09:00:00','2027-04-09 13:15:00',604800,15300),
(1036,4,1,'2017-02-20 21:00:00','2037-02-20 21:00:00',86400,86400),
(1037,6,1,'2017-02-20 21:00:00','2037-02-20 21:00:00',86400,86400),
(1038,7,1,'2017-02-20 21:00:00','2037-02-20 21:00:00',86400,86400);
/*!40000 ALTER TABLE `timeControl` ENABLE KEYS */;
UNLOCK TABLES;

--
-- Table structure for table `gift_bag`
--

DROP TABLE IF EXISTS `gift_bag`;
/*!40101 SET @saved_cs_client     = @@character_set_client */;
/*!40101 SET character_set_client = utf8 */;
CREATE TABLE `gift_bag` (
  `gid` int(11) DEFAULT NULL,
  `is_consume` int(11) DEFAULT NULL,
  `item_type` int(11) DEFAULT NULL,
  `item_id` int(11) DEFAULT NULL,
  `item_value` int(11) DEFAULT NULL,
  `group` int(11) DEFAULT NULL,
  `weight` int(11) DEFAULT NULL,
  `lucky_count` int(11) DEFAULT NULL,
  `item_name` varchar(255) DEFAULT NULL,
  `need_broadcast` int(11) DEFAULT NULL,
  `begin_time` timestamp NULL DEFAULT NULL,
  `end_time` timestamp NULL DEFAULT NULL
) ENGINE=InnoDB DEFAULT CHARSET=utf8;
/*!40101 SET character_set_client = @saved_cs_client */;

--
-- Dumping data for table `gift_bag`
--

LOCK TABLES `gift_bag` WRITE;
/*!40000 ALTER TABLE `gift_bag` DISABLE KEYS */;
INSERT INTO `gift_bag` VALUES (89010,1,41,89010,1,0,0,0,'',0,'2016-12-30 16:00:00','2026-12-31 15:59:59'),
(89010,1,41,89015,1,0,0,0,'',0,'2016-12-30 16:00:00','2026-12-31 15:59:59'),
(89010,0,41,90401,1,1,666,0,'',0,'2016-12-30 16:00:00','2026-12-31 15:59:59'),
(89010,0,41,90402,1,1,666,0,'',0,'2016-12-30 16:00:00','2026-12-31 15:59:59'),
(89010,0,41,90403,1,1,666,0,'',0,'2016-12-30 16:00:00','2026-12-31 15:59:59'),
(89010,0,41,71001,1,2,666,0,'',0,'2016-12-30 16:00:00','2026-12-31 15:59:59'),
(89010,0,41,71002,1,2,666,0,'',0,'2016-12-30 16:00:00','2026-12-31 15:59:59'),
(89010,0,41,71003,1,2,666,0,'',0,'2016-12-30 16:00:00','2026-12-31 15:59:59'),
(89011,1,41,89011,1,0,0,0,'',0,'2016-12-30 16:00:00','2026-12-31 15:59:59'),
(89011,1,41,89016,1,0,0,0,'',0,'2016-12-30 16:00:00','2026-12-31 15:59:59'),
(89011,0,41,90401,1,1,666,0,'',0,'2016-12-30 16:00:00','2026-12-31 15:59:59'),
(89011,0,41,90402,1,1,666,0,'',0,'2016-12-30 16:00:00','2026-12-31 15:59:59'),
(89011,0,41,90403,1,1,666,0,'',0,'2016-12-30 16:00:00','2026-12-31 15:59:59'),
(89011,0,41,71001,1,2,666,0,'',0,'2016-12-30 16:00:00','2026-12-31 15:59:59'),
(89011,0,41,71002,1,2,666,0,'',0,'2016-12-30 16:00:00','2026-12-31 15:59:59'),
(89011,0,41,71003,1,2,666,0,'',0,'2016-12-30 16:00:00','2026-12-31 15:59:59'),
(89012,1,41,89012,1,0,0,0,'',0,'2016-12-30 16:00:00','2026-12-31 15:59:59'),
(89012,1,41,89017,1,0,0,0,'',0,'2016-12-30 16:00:00','2026-12-31 15:59:59'),
(89012,0,41,90401,1,1,666,0,'',0,'2016-12-30 16:00:00','2026-12-31 15:59:59'),
(89012,0,41,90402,1,1,666,0,'',0,'2016-12-30 16:00:00','2026-12-31 15:59:59'),
(89012,0,41,90403,1,1,666,0,'',0,'2016-12-30 16:00:00','2026-12-31 15:59:59'),
(89012,0,41,71001,1,2,666,0,'',0,'2016-12-30 16:00:00','2026-12-31 15:59:59'),
(89012,0,41,71002,1,2,666,0,'',0,'2016-12-30 16:00:00','2026-12-31 15:59:59'),
(89012,0,41,71003,1,2,666,0,'',0,'2016-12-30 16:00:00','2026-12-31 15:59:59'),
(89013,1,41,89013,1,0,0,0,'',0,'2016-12-30 16:00:00','2026-12-31 15:59:59'),
(89013,1,41,89018,1,0,0,0,'',0,'2016-12-30 16:00:00','2026-12-31 15:59:59'),
(89013,0,41,90401,1,1,666,0,'',0,'2016-12-30 16:00:00','2026-12-31 15:59:59'),
(89013,0,41,90402,1,1,666,0,'',0,'2016-12-30 16:00:00','2026-12-31 15:59:59'),
(89013,0,41,90403,1,1,666,0,'',0,'2016-12-30 16:00:00','2026-12-31 15:59:59'),
(89013,0,41,71001,1,2,666,0,'',0,'2016-12-30 16:00:00','2026-12-31 15:59:59'),
(89013,0,41,71002,1,2,666,0,'',0,'2016-12-30 16:00:00','2026-12-31 15:59:59'),
(89013,0,41,71003,1,2,666,0,'',0,'2016-12-30 16:00:00','2026-12-31 15:59:59'),
(89014,1,41,89014,1,0,0,0,'',0,'2016-12-30 16:00:00','2026-12-31 15:59:59'),
(89014,1,41,89019,1,0,0,0,'',0,'2016-12-30 16:00:00','2026-12-31 15:59:59'),
(89014,0,41,90401,1,1,666,0,'',0,'2016-12-30 16:00:00','2026-12-31 15:59:59'),
(89014,0,41,90402,1,1,666,0,'',0,'2016-12-30 16:00:00','2026-12-31 15:59:59'),
(89014,0,41,90403,1,1,666,0,'',0,'2016-12-30 16:00:00','2026-12-31 15:59:59'),
(89014,0,41,71001,1,2,666,0,'',0,'2016-12-30 16:00:00','2026-12-31 15:59:59'),
(89014,0,41,71002,1,2,666,0,'',0,'2016-12-30 16:00:00','2026-12-31 15:59:59'),
(89014,0,41,71003,1,2,666,0,'',0,'2016-12-30 16:00:00','2026-12-31 15:59:59'),
(89900,0,41,21000,10,0,0,0,'',0,'2016-12-30 16:00:00','2026-12-31 15:59:59'),
(89900,0,41,21001,10,0,0,0,'',0,'2016-12-30 16:00:00','2026-12-31 15:59:59'),
(89900,0,41,21002,10,0,0,0,'',0,'2016-12-30 16:00:00','2026-12-31 15:59:59'),
(89900,0,41,21003,10,0,0,0,'',0,'2016-12-30 16:00:00','2026-12-31 15:59:59'),
(89900,0,41,21004,10,0,0,0,'',0,'2016-12-30 16:00:00','2026-12-31 15:59:59'),
(89900,0,41,21005,10,0,0,0,'',0,'2016-12-30 16:00:00','2026-12-31 15:59:59'),
(89900,0,41,21006,10,0,0,0,'',0,'2016-12-30 16:00:00','2026-12-31 15:59:59'),
(89900,0,41,21007,10,0,0,0,'',0,'2016-12-30 16:00:00','2026-12-31 15:59:59'),
(89900,0,41,21008,10,0,0,0,'',0,'2016-12-30 16:00:00','2026-12-31 15:59:59'),
(89900,0,41,21009,10,0,0,0,'',0,'2016-12-30 16:00:00','2026-12-31 15:59:59'),
(89900,0,41,21010,10,0,0,0,'',0,'2016-12-30 16:00:00','2026-12-31 15:59:59'),
(89900,0,41,21011,10,0,0,0,'',0,'2016-12-30 16:00:00','2026-12-31 15:59:59'),
(89900,0,41,21012,10,0,0,0,'',0,'2016-12-30 16:00:00','2026-12-31 15:59:59'),
(89900,0,41,21013,10,0,0,0,'',0,'2016-12-30 16:00:00','2026-12-31 15:59:59'),
(89900,0,41,21014,10,0,0,0,'',0,'2016-12-30 16:00:00','2026-12-31 15:59:59'),
(89900,0,41,21015,10,0,0,0,'',0,'2016-12-30 16:00:00','2026-12-31 15:59:59'),
(89900,0,41,21017,10,0,0,0,'',0,'2016-12-30 16:00:00','2026-12-31 15:59:59'),
(89900,0,41,21018,10,0,0,0,'',0,'2016-12-30 16:00:00','2026-12-31 15:59:59'),
(89900,0,41,21020,10,0,0,0,'',0,'2016-12-30 16:00:00','2026-12-31 15:59:59'),
(89900,0,41,21022,10,0,0,0,'',0,'2016-12-30 16:00:00','2026-12-31 15:59:59'),
(89900,0,41,21023,10,0,0,0,'',0,'2016-12-30 16:00:00','2026-12-31 15:59:59'),
(89900,0,41,21024,10,0,0,0,'',0,'2016-12-30 16:00:00','2026-12-31 15:59:59'),
(89900,0,41,21025,10,0,0,0,'',0,'2016-12-30 16:00:00','2026-12-31 15:59:59'),
(89900,0,41,21027,10,0,0,0,'',0,'2016-12-30 16:00:00','2026-12-31 15:59:59'),
(89900,0,41,21028,10,0,0,0,'',0,'2016-12-30 16:00:00','2026-12-31 15:59:59'),
(89901,0,41,22000,10,0,0,0,'',0,'2016-12-30 16:00:00','2026-12-31 15:59:59'),
(89901,0,41,22001,10,0,0,0,'',0,'2016-12-30 16:00:00','2026-12-31 15:59:59'),
(89901,0,41,22002,10,0,0,0,'',0,'2016-12-30 16:00:00','2026-12-31 15:59:59'),
(89901,0,41,22003,10,0,0,0,'',0,'2016-12-30 16:00:00','2026-12-31 15:59:59'),
(89901,0,41,22004,10,0,0,0,'',0,'2016-12-30 16:00:00','2026-12-31 15:59:59'),
(89901,0,41,22005,10,0,0,0,'',0,'2016-12-30 16:00:00','2026-12-31 15:59:59'),
(89901,0,41,22006,10,0,0,0,'',0,'2016-12-30 16:00:00','2026-12-31 15:59:59'),
(89901,0,41,22007,10,0,0,0,'',0,'2016-12-30 16:00:00','2026-12-31 15:59:59'),
(89901,0,41,22008,10,0,0,0,'',0,'2016-12-30 16:00:00','2026-12-31 15:59:59'),
(89901,0,41,22009,10,0,0,0,'',0,'2016-12-30 16:00:00','2026-12-31 15:59:59'),
(89901,0,41,22010,10,0,0,0,'',0,'2016-12-30 16:00:00','2026-12-31 15:59:59'),
(89901,0,41,22011,10,0,0,0,'',0,'2016-12-30 16:00:00','2026-12-31 15:59:59'),
(89901,0,41,22012,10,0,0,0,'',0,'2016-12-30 16:00:00','2026-12-31 15:59:59'),
(89901,0,41,22013,10,0,0,0,'',0,'2016-12-30 16:00:00','2026-12-31 15:59:59'),
(89901,0,41,22014,10,0,0,0,'',0,'2016-12-30 16:00:00','2026-12-31 15:59:59'),
(89901,0,41,22015,10,0,0,0,'',0,'2016-12-30 16:00:00','2026-12-31 15:59:59'),
(89901,0,41,22017,10,0,0,0,'',0,'2016-12-30 16:00:00','2026-12-31 15:59:59'),
(89901,0,41,22018,10,0,0,0,'',0,'2016-12-30 16:00:00','2026-12-31 15:59:59'),
(89901,0,41,22020,10,0,0,0,'',0,'2016-12-30 16:00:00','2026-12-31 15:59:59'),
(89901,0,41,22022,10,0,0,0,'',0,'2016-12-30 16:00:00','2026-12-31 15:59:59'),
(89901,0,41,22023,10,0,0,0,'',0,'2016-12-30 16:00:00','2026-12-31 15:59:59'),
(89901,0,41,22024,10,0,0,0,'',0,'2016-12-30 16:00:00','2026-12-31 15:59:59'),
(89901,0,41,22025,10,0,0,0,'',0,'2016-12-30 16:00:00','2026-12-31 15:59:59'),
(89901,0,41,22027,10,0,0,0,'',0,'2016-12-30 16:00:00','2026-12-31 15:59:59'),
(89901,0,41,22028,10,0,0,0,'',0,'2016-12-30 16:00:00','2026-12-31 15:59:59'),
(89902,0,41,50001,100,0,0,0,'',0,'2016-12-30 16:00:00','2026-12-31 15:59:59'),
(89902,0,41,50002,100,0,0,0,'',0,'2016-12-30 16:00:00','2026-12-31 15:59:59'),
(89902,0,41,50003,100,0,0,0,'',0,'2016-12-30 16:00:00','2026-12-31 15:59:59'),
(89902,0,41,50004,100,0,0,0,'',0,'2016-12-30 16:00:00','2026-12-31 15:59:59'),
(89902,0,41,50005,100,0,0,0,'',0,'2016-12-30 16:00:00','2026-12-31 15:59:59'),
(89902,0,41,90002,1000000,0,0,0,'',0,'2016-12-30 16:00:00','2026-12-31 15:59:59'),
(89902,0,41,90006,100000,0,0,0,'',0,'2016-12-30 16:00:00','2026-12-31 15:59:59'),
(89902,0,41,90010,1000,0,0,0,'',0,'2016-12-30 16:00:00','2026-12-31 15:59:59'),
(89902,0,41,90008,10000,0,0,0,'',0,'2016-12-30 16:00:00','2026-12-31 15:59:59'),
(89902,0,41,90003,100000,0,0,0,'',0,'2016-12-30 16:00:00','2026-12-31 15:59:59'),
(89902,0,41,90004,1000,0,0,0,'',0,'2016-12-30 16:00:00','2026-12-31 15:59:59'),
(89902,0,41,90005,1000,0,0,0,'',0,'2016-12-30 16:00:00','2026-12-31 15:59:59'),
(89902,0,41,90007,10,0,0,0,'',0,'2016-12-30 16:00:00','2026-12-31 15:59:59'),
(89902,0,41,90011,10,0,0,0,'',0,'2016-12-30 16:00:00','2026-12-31 15:59:59'),
(89902,0,41,90021,10000,0,0,0,'',0,'2016-12-30 16:00:00','2026-12-31 15:59:59'),
(89902,0,41,90404,100,0,0,0,'',0,'2016-12-30 16:00:00','2026-12-31 15:59:59'),
(89902,0,41,71005,10000,0,0,0,'',0,'2016-12-30 16:00:00','2026-12-31 15:59:59'),
(89903,0,41,51001,10,0,0,0,'',0,'2016-12-30 16:00:00','2026-12-31 15:59:59'),
(89903,0,41,51002,10,0,0,0,'',0,'2016-12-30 16:00:00','2026-12-31 15:59:59'),
(89903,0,41,51003,10,0,0,0,'',0,'2016-12-30 16:00:00','2026-12-31 15:59:59'),
(89903,0,41,51004,10,0,0,0,'',0,'2016-12-30 16:00:00','2026-12-31 15:59:59'),
(89903,0,41,51005,10,0,0,0,'',0,'2016-12-30 16:00:00','2026-12-31 15:59:59'),
(89903,0,41,51006,10,0,0,0,'',0,'2016-12-30 16:00:00','2026-12-31 15:59:59'),
(89903,0,41,52001,10,0,0,0,'',0,'2016-12-30 16:00:00','2026-12-31 15:59:59'),
(89903,0,41,52002,10,0,0,0,'',0,'2016-12-30 16:00:00','2026-12-31 15:59:59'),
(89903,0,41,52003,10,0,0,0,'',0,'2016-12-30 16:00:00','2026-12-31 15:59:59'),
(89903,0,41,52004,10,0,0,0,'',0,'2016-12-30 16:00:00','2026-12-31 15:59:59'),
(89903,0,41,52005,10,0,0,0,'',0,'2016-12-30 16:00:00','2026-12-31 15:59:59'),
(89903,0,41,53001,10,0,0,0,'',0,'2016-12-30 16:00:00','2026-12-31 15:59:59'),
(89903,0,41,53002,10,0,0,0,'',0,'2016-12-30 16:00:00','2026-12-31 15:59:59'),
(89903,0,41,53003,10,0,0,0,'',0,'2016-12-30 16:00:00','2026-12-31 15:59:59'),
(89903,0,41,53004,10,0,0,0,'',0,'2016-12-30 16:00:00','2026-12-31 15:59:59'),
(89903,0,41,53005,10,0,0,0,'',0,'2016-12-30 16:00:00','2026-12-31 15:59:59'),
(89903,0,41,54001,10,0,0,0,'',0,'2016-12-30 16:00:00','2026-12-31 15:59:59'),
(89903,0,41,54002,10,0,0,0,'',0,'2016-12-30 16:00:00','2026-12-31 15:59:59'),
(89903,0,41,54003,10,0,0,0,'',0,'2016-12-30 16:00:00','2026-12-31 15:59:59'),
(89903,0,41,54004,10,0,0,0,'',0,'2016-12-30 16:00:00','2026-12-31 15:59:59'),
(89903,0,41,54005,10,0,0,0,'',0,'2016-12-30 16:00:00','2026-12-31 15:59:59'),
(89903,0,41,54006,10,0,0,0,'',0,'2016-12-30 16:00:00','2026-12-31 15:59:59'),
(89904,0,41,61001,10,0,0,0,'',0,'2016-12-30 16:00:00','2026-12-31 15:59:59'),
(89904,0,41,61002,10,0,0,0,'',0,'2016-12-30 16:00:00','2026-12-31 15:59:59'),
(89904,0,41,61003,10,0,0,0,'',0,'2016-12-30 16:00:00','2026-12-31 15:59:59'),
(89904,0,41,61004,10,0,0,0,'',0,'2016-12-30 16:00:00','2026-12-31 15:59:59'),
(89904,0,41,61005,10,0,0,0,'',0,'2016-12-30 16:00:00','2026-12-31 15:59:59'),
(89904,0,41,62001,10,0,0,0,'',0,'2016-12-30 16:00:00','2026-12-31 15:59:59'),
(89904,0,41,62002,10,0,0,0,'',0,'2016-12-30 16:00:00','2026-12-31 15:59:59'),
(89904,0,41,62003,10,0,0,0,'',0,'2016-12-30 16:00:00','2026-12-31 15:59:59'),
(89904,0,41,62004,10,0,0,0,'',0,'2016-12-30 16:00:00','2026-12-31 15:59:59'),
(89904,0,41,62005,10,0,0,0,'',0,'2016-12-30 16:00:00','2026-12-31 15:59:59'),
(89904,0,41,63001,10,0,0,0,'',0,'2016-12-30 16:00:00','2026-12-31 15:59:59'),
(89904,0,41,63002,10,0,0,0,'',0,'2016-12-30 16:00:00','2026-12-31 15:59:59'),
(89904,0,41,63003,10,0,0,0,'',0,'2016-12-30 16:00:00','2026-12-31 15:59:59'),
(89904,0,41,63004,10,0,0,0,'',0,'2016-12-30 16:00:00','2026-12-31 15:59:59'),
(89904,0,41,63005,10,0,0,0,'',0,'2016-12-30 16:00:00','2026-12-31 15:59:59'),
(89904,0,41,64001,10,0,0,0,'',0,'2016-12-30 16:00:00','2026-12-31 15:59:59'),
(89904,0,41,64002,10,0,0,0,'',0,'2016-12-30 16:00:00','2026-12-31 15:59:59'),
(89904,0,41,64003,10,0,0,0,'',0,'2016-12-30 16:00:00','2026-12-31 15:59:59'),
(89904,0,41,64004,10,0,0,0,'',0,'2016-12-30 16:00:00','2026-12-31 15:59:59'),
(89904,0,41,64005,10,0,0,0,'',0,'2016-12-30 16:00:00','2026-12-31 15:59:59'),
(89904,0,41,65001,10,0,0,0,'',0,'2016-12-30 16:00:00','2026-12-31 15:59:59'),
(89904,0,41,65002,10,0,0,0,'',0,'2016-12-30 16:00:00','2026-12-31 15:59:59'),
(89904,0,41,65003,10,0,0,0,'',0,'2016-12-30 16:00:00','2026-12-31 15:59:59'),
(89904,0,41,65004,10,0,0,0,'',0,'2016-12-30 16:00:00','2026-12-31 15:59:59'),
(89904,0,41,65005,10,0,0,0,'',0,'2016-12-30 16:00:00','2026-12-31 15:59:59'),
(89904,0,41,66001,10,0,0,0,'',0,'2016-12-30 16:00:00','2026-12-31 15:59:59'),
(89904,0,41,66002,10,0,0,0,'',0,'2016-12-30 16:00:00','2026-12-31 15:59:59'),
(89904,0,41,66003,10,0,0,0,'',0,'2016-12-30 16:00:00','2026-12-31 15:59:59'),
(89904,0,41,66004,10,0,0,0,'',0,'2016-12-30 16:00:00','2026-12-31 15:59:59'),
(89904,0,41,66005,10,0,0,0,'',0,'2016-12-30 16:00:00','2026-12-31 15:59:59'),
(89905,0,43,31001,1,0,0,0,'',0,'2016-12-30 16:00:00','2026-12-31 15:59:59'),
(89905,0,43,31002,1,0,0,0,'',0,'2016-12-30 16:00:00','2026-12-31 15:59:59'),
(89905,0,43,31003,1,0,0,0,'',0,'2016-12-30 16:00:00','2026-12-31 15:59:59'),
(89905,0,43,31004,1,0,0,0,'',0,'2016-12-30 16:00:00','2026-12-31 15:59:59'),
(89905,0,43,31005,1,0,0,0,'',0,'2016-12-30 16:00:00','2026-12-31 15:59:59'),
(89905,0,43,31101,1,0,0,0,'',0,'2016-12-30 16:00:00','2026-12-31 15:59:59'),
(89905,0,43,31102,1,0,0,0,'',0,'2016-12-30 16:00:00','2026-12-31 15:59:59'),
(89905,0,43,31103,1,0,0,0,'',0,'2016-12-30 16:00:00','2026-12-31 15:59:59'),
(89905,0,43,31104,1,0,0,0,'',0,'2016-12-30 16:00:00','2026-12-31 15:59:59'),
(89905,0,43,31105,1,0,0,0,'',0,'2016-12-30 16:00:00','2026-12-31 15:59:59'),
(89905,0,43,31201,1,0,0,0,'',0,'2016-12-30 16:00:00','2026-12-31 15:59:59'),
(89905,0,43,31202,1,0,0,0,'',0,'2016-12-30 16:00:00','2026-12-31 15:59:59'),
(89905,0,43,31203,1,0,0,0,'',0,'2016-12-30 16:00:00','2026-12-31 15:59:59'),
(89905,0,43,31204,1,0,0,0,'',0,'2016-12-30 16:00:00','2026-12-31 15:59:59'),
(89905,0,43,31205,1,0,0,0,'',0,'2016-12-30 16:00:00','2026-12-31 15:59:59'),
(89905,0,43,31301,1,0,0,0,'',0,'2016-12-30 16:00:00','2026-12-31 15:59:59'),
(89905,0,43,31302,1,0,0,0,'',0,'2016-12-30 16:00:00','2026-12-31 15:59:59'),
(89905,0,43,31303,1,0,0,0,'',0,'2016-12-30 16:00:00','2026-12-31 15:59:59'),
(89905,0,43,31304,1,0,0,0,'',0,'2016-12-30 16:00:00','2026-12-31 15:59:59'),
(89905,0,43,31305,1,0,0,0,'',0,'2016-12-30 16:00:00','2026-12-31 15:59:59'),
(89905,0,43,31401,1,0,0,0,'',0,'2016-12-30 16:00:00','2026-12-31 15:59:59'),
(89905,0,43,31402,1,0,0,0,'',0,'2016-12-30 16:00:00','2026-12-31 15:59:59'),
(89905,0,43,31403,1,0,0,0,'',0,'2016-12-30 16:00:00','2026-12-31 15:59:59'),
(89905,0,43,31404,1,0,0,0,'',0,'2016-12-30 16:00:00','2026-12-31 15:59:59'),
(89905,0,43,31405,1,0,0,0,'',0,'2016-12-30 16:00:00','2026-12-31 15:59:59'),
(89905,0,43,32001,1,0,0,0,'',0,'2016-12-30 16:00:00','2026-12-31 15:59:59'),
(89905,0,43,32002,1,0,0,0,'',0,'2016-12-30 16:00:00','2026-12-31 15:59:59'),
(89905,0,43,32003,1,0,0,0,'',0,'2016-12-30 16:00:00','2026-12-31 15:59:59'),
(89905,0,43,32004,1,0,0,0,'',0,'2016-12-30 16:00:00','2026-12-31 15:59:59'),
(89905,0,43,32005,1,0,0,0,'',0,'2016-12-30 16:00:00','2026-12-31 15:59:59'),
(89905,0,43,32101,1,0,0,0,'',0,'2016-12-30 16:00:00','2026-12-31 15:59:59'),
(89905,0,43,32102,1,0,0,0,'',0,'2016-12-30 16:00:00','2026-12-31 15:59:59'),
(89905,0,43,32103,1,0,0,0,'',0,'2016-12-30 16:00:00','2026-12-31 15:59:59'),
(89905,0,43,32104,1,0,0,0,'',0,'2016-12-30 16:00:00','2026-12-31 15:59:59'),
(89905,0,43,32105,1,0,0,0,'',0,'2016-12-30 16:00:00','2026-12-31 15:59:59'),
(89905,0,43,32201,1,0,0,0,'',0,'2016-12-30 16:00:00','2026-12-31 15:59:59'),
(89905,0,43,32202,1,0,0,0,'',0,'2016-12-30 16:00:00','2026-12-31 15:59:59'),
(89905,0,43,32203,1,0,0,0,'',0,'2016-12-30 16:00:00','2026-12-31 15:59:59'),
(89905,0,43,32204,1,0,0,0,'',0,'2016-12-30 16:00:00','2026-12-31 15:59:59'),
(89905,0,43,32205,1,0,0,0,'',0,'2016-12-30 16:00:00','2026-12-31 15:59:59'),
(89905,0,43,32301,1,0,0,0,'',0,'2016-12-30 16:00:00','2026-12-31 15:59:59'),
(89905,0,43,32302,1,0,0,0,'',0,'2016-12-30 16:00:00','2026-12-31 15:59:59'),
(89905,0,43,32303,1,0,0,0,'',0,'2016-12-30 16:00:00','2026-12-31 15:59:59'),
(89905,0,43,32304,1,0,0,0,'',0,'2016-12-30 16:00:00','2026-12-31 15:59:59'),
(89905,0,43,32305,1,0,0,0,'',0,'2016-12-30 16:00:00','2026-12-31 15:59:59'),
(89905,0,43,32401,1,0,0,0,'',0,'2016-12-30 16:00:00','2026-12-31 15:59:59'),
(89905,0,43,32402,1,0,0,0,'',0,'2016-12-30 16:00:00','2026-12-31 15:59:59'),
(89905,0,43,32403,1,0,0,0,'',0,'2016-12-30 16:00:00','2026-12-31 15:59:59'),
(89905,0,43,32404,1,0,0,0,'',0,'2016-12-30 16:00:00','2026-12-31 15:59:59'),
(89905,0,43,32405,1,0,0,0,'',0,'2016-12-30 16:00:00','2026-12-31 15:59:59'),
(89905,0,43,33001,1,0,0,0,'',0,'2016-12-30 16:00:00','2026-12-31 15:59:59'),
(89905,0,43,33002,1,0,0,0,'',0,'2016-12-30 16:00:00','2026-12-31 15:59:59'),
(89905,0,43,33003,1,0,0,0,'',0,'2016-12-30 16:00:00','2026-12-31 15:59:59'),
(89905,0,43,33004,1,0,0,0,'',0,'2016-12-30 16:00:00','2026-12-31 15:59:59'),
(89905,0,43,33005,1,0,0,0,'',0,'2016-12-30 16:00:00','2026-12-31 15:59:59'),
(89905,0,43,33101,1,0,0,0,'',0,'2016-12-30 16:00:00','2026-12-31 15:59:59'),
(89905,0,43,33102,1,0,0,0,'',0,'2016-12-30 16:00:00','2026-12-31 15:59:59'),
(89905,0,43,33103,1,0,0,0,'',0,'2016-12-30 16:00:00','2026-12-31 15:59:59'),
(89905,0,43,33104,1,0,0,0,'',0,'2016-12-30 16:00:00','2026-12-31 15:59:59'),
(89905,0,43,33105,1,0,0,0,'',0,'2016-12-30 16:00:00','2026-12-31 15:59:59'),
(89905,0,43,33201,1,0,0,0,'',0,'2016-12-30 16:00:00','2026-12-31 15:59:59'),
(89905,0,43,33202,1,0,0,0,'',0,'2016-12-30 16:00:00','2026-12-31 15:59:59'),
(89905,0,43,33203,1,0,0,0,'',0,'2016-12-30 16:00:00','2026-12-31 15:59:59'),
(89905,0,43,33204,1,0,0,0,'',0,'2016-12-30 16:00:00','2026-12-31 15:59:59'),
(89905,0,43,33205,1,0,0,0,'',0,'2016-12-30 16:00:00','2026-12-31 15:59:59'),
(89905,0,43,33301,1,0,0,0,'',0,'2016-12-30 16:00:00','2026-12-31 15:59:59'),
(89905,0,43,33302,1,0,0,0,'',0,'2016-12-30 16:00:00','2026-12-31 15:59:59'),
(89905,0,43,33303,1,0,0,0,'',0,'2016-12-30 16:00:00','2026-12-31 15:59:59'),
(89905,0,43,33304,1,0,0,0,'',0,'2016-12-30 16:00:00','2026-12-31 15:59:59'),
(89905,0,43,33305,1,0,0,0,'',0,'2016-12-30 16:00:00','2026-12-31 15:59:59'),
(89905,0,43,33401,1,0,0,0,'',0,'2016-12-30 16:00:00','2026-12-31 15:59:59'),
(89905,0,43,33402,1,0,0,0,'',0,'2016-12-30 16:00:00','2026-12-31 15:59:59'),
(89905,0,43,33403,1,0,0,0,'',0,'2016-12-30 16:00:00','2026-12-31 15:59:59'),
(89905,0,43,33404,1,0,0,0,'',0,'2016-12-30 16:00:00','2026-12-31 15:59:59'),
(89905,0,43,33405,1,0,0,0,'',0,'2016-12-30 16:00:00','2026-12-31 15:59:59'),
(89905,0,43,34001,1,0,0,0,'',0,'2016-12-30 16:00:00','2026-12-31 15:59:59'),
(89905,0,43,34002,1,0,0,0,'',0,'2016-12-30 16:00:00','2026-12-31 15:59:59'),
(89905,0,43,34003,1,0,0,0,'',0,'2016-12-30 16:00:00','2026-12-31 15:59:59'),
(89905,0,43,34004,1,0,0,0,'',0,'2016-12-30 16:00:00','2026-12-31 15:59:59'),
(89905,0,43,34005,1,0,0,0,'',0,'2016-12-30 16:00:00','2026-12-31 15:59:59'),
(89905,0,43,34101,1,0,0,0,'',0,'2016-12-30 16:00:00','2026-12-31 15:59:59'),
(89905,0,43,34102,1,0,0,0,'',0,'2016-12-30 16:00:00','2026-12-31 15:59:59'),
(89905,0,43,34103,1,0,0,0,'',0,'2016-12-30 16:00:00','2026-12-31 15:59:59'),
(89905,0,43,34104,1,0,0,0,'',0,'2016-12-30 16:00:00','2026-12-31 15:59:59'),
(89905,0,43,34105,1,0,0,0,'',0,'2016-12-30 16:00:00','2026-12-31 15:59:59'),
(89905,0,43,34201,1,0,0,0,'',0,'2016-12-30 16:00:00','2026-12-31 15:59:59'),
(89905,0,43,34202,1,0,0,0,'',0,'2016-12-30 16:00:00','2026-12-31 15:59:59'),
(89905,0,43,34203,1,0,0,0,'',0,'2016-12-30 16:00:00','2026-12-31 15:59:59'),
(89905,0,43,34204,1,0,0,0,'',0,'2016-12-30 16:00:00','2026-12-31 15:59:59'),
(89905,0,43,34205,1,0,0,0,'',0,'2016-12-30 16:00:00','2026-12-31 15:59:59'),
(89905,0,43,34301,1,0,0,0,'',0,'2016-12-30 16:00:00','2026-12-31 15:59:59'),
(89905,0,43,34302,1,0,0,0,'',0,'2016-12-30 16:00:00','2026-12-31 15:59:59'),
(89905,0,43,34303,1,0,0,0,'',0,'2016-12-30 16:00:00','2026-12-31 15:59:59'),
(89905,0,43,34304,1,0,0,0,'',0,'2016-12-30 16:00:00','2026-12-31 15:59:59'),
(89905,0,43,34305,1,0,0,0,'',0,'2016-12-30 16:00:00','2026-12-31 15:59:59'),
(89905,0,43,34401,1,0,0,0,'',0,'2016-12-30 16:00:00','2026-12-31 15:59:59'),
(89905,0,43,34402,1,0,0,0,'',0,'2016-12-30 16:00:00','2026-12-31 15:59:59'),
(89905,0,43,34403,1,0,0,0,'',0,'2016-12-30 16:00:00','2026-12-31 15:59:59'),
(89905,0,43,34404,1,0,0,0,'',0,'2016-12-30 16:00:00','2026-12-31 15:59:59'),
(89905,0,43,34405,1,0,0,0,'',0,'2016-12-30 16:00:00','2026-12-31 15:59:59'),
(89905,0,43,35001,1,0,0,0,'',0,'2016-12-30 16:00:00','2026-12-31 15:59:59'),
(89905,0,43,35002,1,0,0,0,'',0,'2016-12-30 16:00:00','2026-12-31 15:59:59'),
(89905,0,43,35003,1,0,0,0,'',0,'2016-12-30 16:00:00','2026-12-31 15:59:59'),
(89905,0,43,35004,1,0,0,0,'',0,'2016-12-30 16:00:00','2026-12-31 15:59:59'),
(89905,0,43,35005,1,0,0,0,'',0,'2016-12-30 16:00:00','2026-12-31 15:59:59'),
(89905,0,43,35101,1,0,0,0,'',0,'2016-12-30 16:00:00','2026-12-31 15:59:59'),
(89905,0,43,35102,1,0,0,0,'',0,'2016-12-30 16:00:00','2026-12-31 15:59:59'),
(89905,0,43,35103,1,0,0,0,'',0,'2016-12-30 16:00:00','2026-12-31 15:59:59'),
(89905,0,43,35104,1,0,0,0,'',0,'2016-12-30 16:00:00','2026-12-31 15:59:59'),
(89905,0,43,35105,1,0,0,0,'',0,'2016-12-30 16:00:00','2026-12-31 15:59:59'),
(89905,0,43,35201,1,0,0,0,'',0,'2016-12-30 16:00:00','2026-12-31 15:59:59'),
(89905,0,43,35202,1,0,0,0,'',0,'2016-12-30 16:00:00','2026-12-31 15:59:59'),
(89905,0,43,35203,1,0,0,0,'',0,'2016-12-30 16:00:00','2026-12-31 15:59:59'),
(89905,0,43,35204,1,0,0,0,'',0,'2016-12-30 16:00:00','2026-12-31 15:59:59'),
(89905,0,43,35205,1,0,0,0,'',0,'2016-12-30 16:00:00','2026-12-31 15:59:59'),
(89905,0,43,35301,1,0,0,0,'',0,'2016-12-30 16:00:00','2026-12-31 15:59:59'),
(89905,0,43,35302,1,0,0,0,'',0,'2016-12-30 16:00:00','2026-12-31 15:59:59'),
(89905,0,43,35303,1,0,0,0,'',0,'2016-12-30 16:00:00','2026-12-31 15:59:59'),
(89905,0,43,35304,1,0,0,0,'',0,'2016-12-30 16:00:00','2026-12-31 15:59:59'),
(89905,0,43,35305,1,0,0,0,'',0,'2016-12-30 16:00:00','2026-12-31 15:59:59'),
(89905,0,43,35401,1,0,0,0,'',0,'2016-12-30 16:00:00','2026-12-31 15:59:59'),
(89905,0,43,35402,1,0,0,0,'',0,'2016-12-30 16:00:00','2026-12-31 15:59:59'),
(89905,0,43,35403,1,0,0,0,'',0,'2016-12-30 16:00:00','2026-12-31 15:59:59'),
(89905,0,43,35404,1,0,0,0,'',0,'2016-12-30 16:00:00','2026-12-31 15:59:59'),
(89905,0,43,35405,1,0,0,0,'',0,'2016-12-30 16:00:00','2026-12-31 15:59:59'),
(89905,0,43,36001,1,0,0,0,'',0,'2016-12-30 16:00:00','2026-12-31 15:59:59'),
(89905,0,43,36002,1,0,0,0,'',0,'2016-12-30 16:00:00','2026-12-31 15:59:59'),
(89905,0,43,36003,1,0,0,0,'',0,'2016-12-30 16:00:00','2026-12-31 15:59:59'),
(89905,0,43,36004,1,0,0,0,'',0,'2016-12-30 16:00:00','2026-12-31 15:59:59'),
(89905,0,43,36005,1,0,0,0,'',0,'2016-12-30 16:00:00','2026-12-31 15:59:59'),
(89905,0,43,36101,1,0,0,0,'',0,'2016-12-30 16:00:00','2026-12-31 15:59:59'),
(89905,0,43,36102,1,0,0,0,'',0,'2016-12-30 16:00:00','2026-12-31 15:59:59'),
(89905,0,43,36103,1,0,0,0,'',0,'2016-12-30 16:00:00','2026-12-31 15:59:59'),
(89905,0,43,36104,1,0,0,0,'',0,'2016-12-30 16:00:00','2026-12-31 15:59:59'),
(89905,0,43,36105,1,0,0,0,'',0,'2016-12-30 16:00:00','2026-12-31 15:59:59'),
(89905,0,43,36201,1,0,0,0,'',0,'2016-12-30 16:00:00','2026-12-31 15:59:59'),
(89905,0,43,36202,1,0,0,0,'',0,'2016-12-30 16:00:00','2026-12-31 15:59:59'),
(89905,0,43,36203,1,0,0,0,'',0,'2016-12-30 16:00:00','2026-12-31 15:59:59'),
(89905,0,43,36204,1,0,0,0,'',0,'2016-12-30 16:00:00','2026-12-31 15:59:59'),
(89905,0,43,36205,1,0,0,0,'',0,'2016-12-30 16:00:00','2026-12-31 15:59:59'),
(89905,0,43,36301,1,0,0,0,'',0,'2016-12-30 16:00:00','2026-12-31 15:59:59'),
(89905,0,43,36302,1,0,0,0,'',0,'2016-12-30 16:00:00','2026-12-31 15:59:59'),
(89905,0,43,36303,1,0,0,0,'',0,'2016-12-30 16:00:00','2026-12-31 15:59:59'),
(89905,0,43,36304,1,0,0,0,'',0,'2016-12-30 16:00:00','2026-12-31 15:59:59'),
(89905,0,43,36305,1,0,0,0,'',0,'2016-12-30 16:00:00','2026-12-31 15:59:59'),
(89905,0,43,36401,1,0,0,0,'',0,'2016-12-30 16:00:00','2026-12-31 15:59:59'),
(89905,0,43,36402,1,0,0,0,'',0,'2016-12-30 16:00:00','2026-12-31 15:59:59'),
(89905,0,43,36403,1,0,0,0,'',0,'2016-12-30 16:00:00','2026-12-31 15:59:59'),
(89905,0,43,36404,1,0,0,0,'',0,'2016-12-30 16:00:00','2026-12-31 15:59:59'),
(89905,0,43,36405,1,0,0,0,'',0,'2016-12-30 16:00:00','2026-12-31 15:59:59'),
(89906,0,45,81001,10,0,0,0,'',0,'2016-12-30 16:00:00','2026-12-31 15:59:59'),
(89906,0,45,81002,10,0,0,0,'',0,'2016-12-30 16:00:00','2026-12-31 15:59:59'),
(89906,0,45,81003,10,0,0,0,'',0,'2016-12-30 16:00:00','2026-12-31 15:59:59'),
(89906,0,45,81004,10,0,0,0,'',0,'2016-12-30 16:00:00','2026-12-31 15:59:59'),
(89906,0,45,81005,10,0,0,0,'',0,'2016-12-30 16:00:00','2026-12-31 15:59:59'),
(89906,0,45,82001,10,0,0,0,'',0,'2016-12-30 16:00:00','2026-12-31 15:59:59'),
(89906,0,45,82002,10,0,0,0,'',0,'2016-12-30 16:00:00','2026-12-31 15:59:59'),
(89906,0,45,82003,10,0,0,0,'',0,'2016-12-30 16:00:00','2026-12-31 15:59:59'),
(89906,0,45,82004,10,0,0,0,'',0,'2016-12-30 16:00:00','2026-12-31 15:59:59'),
(89906,0,45,82005,10,0,0,0,'',0,'2016-12-30 16:00:00','2026-12-31 15:59:59'),
(89906,0,45,83001,10,0,0,0,'',0,'2016-12-30 16:00:00','2026-12-31 15:59:59'),
(89906,0,45,83002,10,0,0,0,'',0,'2016-12-30 16:00:00','2026-12-31 15:59:59'),
(89906,0,45,83003,10,0,0,0,'',0,'2016-12-30 16:00:00','2026-12-31 15:59:59'),
(89906,0,45,83004,10,0,0,0,'',0,'2016-12-30 16:00:00','2026-12-31 15:59:59'),
(89906,0,45,83005,10,0,0,0,'',0,'2016-12-30 16:00:00','2026-12-31 15:59:59'),
(10081001,1,41,89015,1,0,0,0,'',0,'2016-12-30 16:00:00','2026-12-31 15:59:59'),
(10081001,0,41,90401,1,1,666,0,'',0,'2016-12-30 16:00:00','2026-12-31 15:59:59'),
(10081001,0,41,90401,1,1,666,0,'',0,'2016-12-30 16:00:00','2026-12-31 15:59:59'),
(10081001,0,41,90401,1,1,666,0,'',0,'2016-12-30 16:00:00','2026-12-31 15:59:59'),
(10081001,0,41,71001,1,2,666,0,'',0,'2016-12-30 16:00:00','2026-12-31 15:59:59'),
(10081001,0,41,71001,1,2,666,0,'',0,'2016-12-30 16:00:00','2026-12-31 15:59:59'),
(10081001,0,41,71001,1,2,666,0,'',0,'2016-12-30 16:00:00','2026-12-31 15:59:59'),
(10081002,1,41,89015,1,0,0,0,'',0,'2016-12-30 16:00:00','2026-12-31 15:59:59'),
(10081002,0,41,90402,1,1,666,0,'',0,'2016-12-30 16:00:00','2026-12-31 15:59:59'),
(10081002,0,41,90402,1,1,666,0,'',0,'2016-12-30 16:00:00','2026-12-31 15:59:59'),
(10081002,0,41,90402,1,1,666,0,'',0,'2016-12-30 16:00:00','2026-12-31 15:59:59'),
(10081002,0,41,71002,1,2,666,0,'',0,'2016-12-30 16:00:00','2026-12-31 15:59:59'),
(10081002,0,41,71002,1,2,666,0,'',0,'2016-12-30 16:00:00','2026-12-31 15:59:59'),
(10081002,0,41,71002,1,2,666,0,'',0,'2016-12-30 16:00:00','2026-12-31 15:59:59'),
(10082001,0,41,89015,1,1,666,0,'',0,'2016-12-30 16:00:00','2026-12-31 15:59:59'),
(10082001,0,41,89016,1,1,666,0,'',0,'2016-12-30 16:00:00','2026-12-31 15:59:59'),
(10082001,0,41,89017,1,1,666,0,'',0,'2016-12-30 16:00:00','2026-12-31 15:59:59'),
(10082001,0,41,89018,1,1,666,0,'',0,'2016-12-30 16:00:00','2026-12-31 15:59:59'),
(10082001,0,41,89019,1,1,666,0,'',0,'2016-12-30 16:00:00','2026-12-31 15:59:59'),
(10082002,0,41,50001,1,1,666,0,'',0,'2016-12-30 16:00:00','2026-12-31 15:59:59'),
(10082002,0,41,50002,1,1,666,0,'',0,'2016-12-30 16:00:00','2026-12-31 15:59:59'),
(10082002,0,41,50003,1,1,666,0,'',0,'2016-12-30 16:00:00','2026-12-31 15:59:59'),
(10082002,0,41,50004,1,1,666,0,'',0,'2016-12-30 16:00:00','2026-12-31 15:59:59'),
(10082002,0,41,50005,1,1,666,0,'',0,'2016-12-30 16:00:00','2026-12-31 15:59:59'),
(10083001,0,41,71001,1,1,600,0,'',0,'2016-12-30 16:00:00','2026-12-31 15:59:59'),
(10083001,0,41,71002,1,1,300,0,'',0,'2016-12-30 16:00:00','2026-12-31 15:59:59'),
(10083001,0,41,71003,1,1,50,0,'',0,'2016-12-30 16:00:00','2026-12-31 15:59:59'),
(10083001,0,41,71004,1,1,40,0,'',0,'2016-12-30 16:00:00','2026-12-31 15:59:59'),
(10083001,0,41,71005,1,1,10,0,'',0,'2016-12-30 16:00:00','2026-12-31 15:59:59'),
(10083002,0,41,66001,1,1,666,0,'',0,'2016-12-30 16:00:00','2026-12-31 15:59:59'),
(10083002,0,41,66002,1,1,666,0,'',0,'2016-12-30 16:00:00','2026-12-31 15:59:59'),
(10083002,0,41,66003,1,1,666,0,'',0,'2016-12-30 16:00:00','2026-12-31 15:59:59'),
(10083002,0,41,66004,1,1,666,0,'',0,'2016-12-30 16:00:00','2026-12-31 15:59:59'),
(10083002,0,41,66005,1,1,666,0,'',0,'2016-12-30 16:00:00','2026-12-31 15:59:59'),
(89001,0,41,87001,1,1,666,0,'',0,'2016-12-30 16:00:00','2026-12-31 15:59:59'),
(89001,0,41,87002,1,1,666,0,'',0,'2016-12-30 16:00:00','2026-12-31 15:59:59'),
(89001,0,41,87003,1,1,666,0,'',0,'2016-12-30 16:00:00','2026-12-31 15:59:59'),
(89001,0,41,87004,1,1,666,0,'',0,'2016-12-30 16:00:00','2026-12-31 15:59:59'),
(89001,0,41,87005,1,1,666,0,'',0,'2016-12-30 16:00:00','2026-12-31 15:59:59'),
(89001,0,41,87006,1,1,666,0,'',0,'2016-12-30 16:00:00','2026-12-31 15:59:59'),
(89001,0,41,87007,1,1,666,0,'',0,'2016-12-30 16:00:00','2026-12-31 15:59:59'),
(89001,0,41,87008,1,1,666,0,'',0,'2016-12-30 16:00:00','2026-12-31 15:59:59'),
(89002,0,41,87101,1,1,666,0,'',0,'2016-12-30 16:00:00','2026-12-31 15:59:59'),
(89002,0,41,87102,1,1,666,0,'',1,'2016-12-30 16:00:00','2026-12-31 15:59:59'),
(89002,0,41,87103,1,1,666,0,'',2,'2016-12-30 16:00:00','2026-12-31 15:59:59'),
(89002,0,41,87104,1,1,666,0,'',3,'2016-12-30 16:00:00','2026-12-31 15:59:59'),
(89002,0,41,87105,1,1,666,0,'',4,'2016-12-30 16:00:00','2026-12-31 15:59:59'),
(89002,0,41,87106,1,1,666,0,'',5,'2016-12-30 16:00:00','2026-12-31 15:59:59'),
(89002,0,41,87107,1,1,666,0,'',6,'2016-12-30 16:00:00','2026-12-31 15:59:59'),
(89002,0,41,87108,1,1,666,0,'',7,'2016-12-30 16:00:00','2026-12-31 15:59:59'),
(89003,0,41,87201,1,1,666,0,'',8,'2016-12-30 16:00:00','2026-12-31 15:59:59'),
(89003,0,41,87202,1,1,666,0,'',9,'2016-12-30 16:00:00','2026-12-31 15:59:59'),
(89003,0,41,87203,1,1,666,0,'',10,'2016-12-30 16:00:00','2026-12-31 15:59:59'),
(89003,0,41,87204,1,1,666,0,'',11,'2016-12-30 16:00:00','2026-12-31 15:59:59'),
(89003,0,41,87205,1,1,666,0,'',12,'2016-12-30 16:00:00','2026-12-31 15:59:59'),
(89003,0,41,87206,1,1,666,0,'',13,'2016-12-30 16:00:00','2026-12-31 15:59:59'),
(89003,0,41,87207,1,1,666,0,'',14,'2016-12-30 16:00:00','2026-12-31 15:59:59'),
(89003,0,41,87208,1,1,666,0,'',15,'2016-12-30 16:00:00','2026-12-31 15:59:59'),
(89004,0,41,87301,1,1,666,0,'',16,'2016-12-30 16:00:00','2026-12-31 15:59:59'),
(89004,0,41,87302,1,1,666,0,'',17,'2016-12-30 16:00:00','2026-12-31 15:59:59'),
(89004,0,41,87303,1,1,666,0,'',18,'2016-12-30 16:00:00','2026-12-31 15:59:59'),
(89004,0,41,87304,1,1,666,0,'',19,'2016-12-30 16:00:00','2026-12-31 15:59:59'),
(89004,0,41,87305,1,1,666,0,'',20,'2016-12-30 16:00:00','2026-12-31 15:59:59'),
(89004,0,41,87306,1,1,666,0,'',21,'2016-12-30 16:00:00','2026-12-31 15:59:59'),
(89004,0,41,87307,1,1,666,0,'',22,'2016-12-30 16:00:00','2026-12-31 15:59:59'),
(89004,0,41,87308,1,1,666,0,'',23,'2016-12-30 16:00:00','2026-12-31 15:59:59'),
(89005,0,41,87401,1,1,666,0,'',24,'2016-12-30 16:00:00','2026-12-31 15:59:59'),
(89005,0,41,87402,1,1,666,0,'',25,'2016-12-30 16:00:00','2026-12-31 15:59:59'),
(89005,0,41,87403,1,1,666,0,'',26,'2016-12-30 16:00:00','2026-12-31 15:59:59'),
(89005,0,41,87404,1,1,666,0,'',27,'2016-12-30 16:00:00','2026-12-31 15:59:59'),
(89005,0,41,87405,1,1,666,0,'',28,'2016-12-30 16:00:00','2026-12-31 15:59:59'),
(89005,0,41,87406,1,1,666,0,'',29,'2016-12-30 16:00:00','2026-12-31 15:59:59'),
(89005,0,41,87407,1,1,666,0,'',30,'2016-12-30 16:00:00','2026-12-31 15:59:59'),
(89005,0,41,87408,1,1,666,0,'',31,'2016-12-30 16:00:00','2026-12-31 15:59:59'),
(89006,0,41,88001,1,1,600,0,'',32,'2016-12-30 16:00:00','2026-12-31 15:59:59'),
(89006,0,41,88002,1,1,200,0,'',33,'2016-12-30 16:00:00','2026-12-31 15:59:59'),
(89006,0,41,88003,1,1,100,0,'',34,'2016-12-30 16:00:00','2026-12-31 15:59:59'),
(89006,0,41,88004,1,1,50,0,'',35,'2016-12-30 16:00:00','2026-12-31 15:59:59'),
(89006,0,41,88005,1,1,50,0,'',36,'2016-12-30 16:00:00','2026-12-31 15:59:59'),
(89006,0,41,89015,1,2,600,0,'',37,'2016-12-30 16:00:00','2026-12-31 15:59:59'),
(89006,0,41,89016,1,2,200,0,'',38,'2016-12-30 16:00:00','2026-12-31 15:59:59'),
(89006,0,41,89017,1,2,100,0,'',39,'2016-12-30 16:00:00','2026-12-31 15:59:59'),
(89006,0,41,89018,1,2,50,0,'',40,'2016-12-30 16:00:00','2026-12-31 15:59:59'),
(89006,0,41,89019,1,2,50,0,'',41,'2016-12-30 16:00:00','2026-12-31 15:59:59'),
(89007,0,41,88001,1,1,400,0,'',32,'2016-12-30 16:00:00','2026-12-31 15:59:59'),
(89007,0,41,88002,1,1,300,0,'',33,'2016-12-30 16:00:00','2026-12-31 15:59:59'),
(89007,0,41,88003,1,1,200,0,'',34,'2016-12-30 16:00:00','2026-12-31 15:59:59'),
(89007,0,41,88004,1,1,50,0,'',35,'2016-12-30 16:00:00','2026-12-31 15:59:59'),
(89007,0,41,88005,1,1,50,0,'',36,'2016-12-30 16:00:00','2026-12-31 15:59:59'),
(89007,0,41,89015,1,2,400,0,'',37,'2016-12-30 16:00:00','2026-12-31 15:59:59'),
(89007,0,41,89016,1,2,300,0,'',38,'2016-12-30 16:00:00','2026-12-31 15:59:59'),
(89007,0,41,89017,1,2,200,0,'',39,'2016-12-30 16:00:00','2026-12-31 15:59:59'),
(89007,0,41,89018,1,2,50,0,'',40,'2016-12-30 16:00:00','2026-12-31 15:59:59'),
(89007,0,41,89019,1,2,50,0,'',41,'2016-12-30 16:00:00','2026-12-31 15:59:59'),
(89008,0,41,88001,1,1,300,0,'',32,'2016-12-30 16:00:00','2026-12-31 15:59:59'),
(89008,0,41,88002,1,1,400,0,'',33,'2016-12-30 16:00:00','2026-12-31 15:59:59'),
(89008,0,41,88003,1,1,100,0,'',34,'2016-12-30 16:00:00','2026-12-31 15:59:59'),
(89008,0,41,88004,1,1,150,0,'',35,'2016-12-30 16:00:00','2026-12-31 15:59:59'),
(89008,0,41,88005,1,1,50,0,'',36,'2016-12-30 16:00:00','2026-12-31 15:59:59'),
(89008,0,41,89015,1,2,300,0,'',37,'2016-12-30 16:00:00','2026-12-31 15:59:59'),
(89008,0,41,89016,1,2,400,0,'',38,'2016-12-30 16:00:00','2026-12-31 15:59:59'),
(89008,0,41,89017,1,2,100,0,'',39,'2016-12-30 16:00:00','2026-12-31 15:59:59'),
(89008,0,41,89018,1,2,150,0,'',40,'2016-12-30 16:00:00','2026-12-31 15:59:59'),
(89008,0,41,89019,1,2,50,0,'',41,'2016-12-30 16:00:00','2026-12-31 15:59:59'),
(89009,0,41,71001,1,1,0,0,'',0,'2016-12-30 16:00:00','2026-12-31 15:59:59'),
(89009,0,41,71002,1,1,0,0,'',0,'2016-12-30 16:00:00','2026-12-31 15:59:59'),
(89009,0,41,71003,1,1,0,0,'',0,'2016-12-30 16:00:00','2026-12-31 15:59:59'),
(89009,0,41,71004,1,1,0,0,'',0,'2016-12-30 16:00:00','2026-12-31 15:59:59'),
(89009,0,41,71005,1,1,0,0,'',0,'2016-12-30 16:00:00','2026-12-31 15:59:59');
/*!40000 ALTER TABLE `gift_bag` ENABLE KEYS */;
UNLOCK TABLES;

--
-- Table structure for table `item_package_config`
--

DROP TABLE IF EXISTS `item_package_config`;
/*!40101 SET @saved_cs_client     = @@character_set_client */;
/*!40101 SET character_set_client = utf8 */;
CREATE TABLE `item_package_config` (
  `package_id` int(11) DEFAULT NULL,
  `item_type` int(11) DEFAULT NULL,
  `item_id` int(11) DEFAULT NULL,
  `item_value` int(11) DEFAULT NULL
) ENGINE=InnoDB DEFAULT CHARSET=utf8;
/*!40101 SET character_set_client = @saved_cs_client */;

--
-- Dumping data for table `item_package_config`
--

LOCK TABLES `item_package_config` WRITE;
/*!40000 ALTER TABLE `item_package_config` DISABLE KEYS */;
INSERT INTO `item_package_config` VALUES (100001,41,21028,1),
(100002,41,22022,1),
(100003,41,52001,1),
(100011,41,52002,1),
(100021,41,52003,1),
(100022,41,52004,1),
(100023,41,52005,1),
(102001,41,71001,5),
(102002,41,71002,5),
(102003,41,71003,5),
(102004,41,71004,5),
(102005,41,71005,5),
(105001,41,54001,2),
(105002,41,54002,2),
(105003,41,54003,2),
(105004,41,54004,2),
(105005,41,54005,2),
(107001,41,21000,5),
(107002,41,21001,5),
(107003,41,21002,5),
(107004,41,21003,5),
(107005,41,21012,5);
/*!40000 ALTER TABLE `item_package_config` ENABLE KEYS */;
UNLOCK TABLES;

--
-- Table structure for table `config_manor_property`
--

DROP TABLE IF EXISTS `config_manor_property`;
/*!40101 SET @saved_cs_client     = @@character_set_client */;
/*!40101 SET character_set_client = utf8 */;
CREATE TABLE `config_manor_property` (
  `id` int(11) DEFAULT NULL,
  `type` int(11) DEFAULT NULL,
  `init1` int(11) DEFAULT NULL,
  `lv_value1` int(11) DEFAULT NULL,
  `rank_value1` int(11) DEFAULT NULL,
  `star_value1` int(11) DEFAULT NULL,
  `factor` float(11,3) DEFAULT NULL
) ENGINE=InnoDB DEFAULT CHARSET=latin1;
/*!40101 SET character_set_client = @saved_cs_client */;

--
-- Dumping data for table `config_manor_property`
--

LOCK TABLES `config_manor_property` WRITE;
/*!40000 ALTER TABLE `config_manor_property` DISABLE KEYS */;
INSERT INTO `config_manor_property` VALUES (11000,301,500,2,5,8,1.250),
(11000,302,500,2,5,8,1.250),
(11000,303,500,2,5,8,1.250),
(11000,304,500,2,5,8,1.050),
(11000,401,500,2,5,8,1.150),
(11000,402,500,2,5,8,1.250),
(11000,403,500,2,5,8,1.250),
(11000,501,500,2,5,8,1.250),
(11000,502,500,2,5,8,1.250),
(11000,601,500,2,5,8,1.250),
(11000,701,500,0,10,10,1.250),
(11000,801,95,2,5,8,1.250),
(11000,802,90,2,5,8,1.000),
(11000,803,85,2,5,8,1.000),
(11000,804,80,2,5,8,1.000),
(11001,301,200,2,5,8,1.250),
(11001,302,100,2,5,8,1.250),
(11001,303,500,2,5,8,1.250),
(11001,304,200,2,5,8,1.050),
(11001,401,100,2,5,8,1.150),
(11001,402,200,2,5,8,1.250),
(11001,403,500,2,5,8,1.250),
(11001,501,200,2,5,8,1.250),
(11001,502,200,2,5,8,1.250),
(11001,601,200,2,5,8,1.250),
(11001,701,500,0,10,10,1.250),
(11001,801,85,2,5,8,1.000),
(11001,802,80,2,5,8,1.000),
(11001,803,75,2,5,8,0.800),
(11001,804,70,2,5,8,0.800),
(11002,301,100,2,5,8,1.250),
(11002,302,200,2,5,8,1.250),
(11002,303,100,2,5,8,1.250),
(11002,304,500,2,5,8,1.050),
(11002,401,200,2,5,8,1.150),
(11002,402,200,2,5,8,1.250),
(11002,403,200,2,5,8,1.250),
(11002,501,500,2,5,8,1.250),
(11002,502,200,2,5,8,1.250),
(11002,601,500,2,5,8,1.250),
(11002,701,500,0,10,10,1.250),
(11002,801,88,2,5,8,1.000),
(11002,802,83,2,5,8,1.000),
(11002,803,78,2,5,8,1.000),
(11002,804,73,2,5,8,0.800),
(11003,301,200,2,5,8,1.250),
(11003,302,200,2,5,8,1.250),
(11003,303,200,2,5,8,1.250),
(11003,304,100,2,5,8,1.050),
(11003,401,100,2,5,8,1.150),
(11003,402,200,2,5,8,1.250),
(11003,403,200,2,5,8,1.250),
(11003,501,500,2,5,8,1.250),
(11003,502,200,2,5,8,1.250),
(11003,601,500,2,5,8,1.250),
(11003,701,500,0,10,10,1.250),
(11003,801,98,2,5,8,1.250),
(11003,802,93,2,5,8,1.250),
(11003,803,88,2,5,8,1.000),
(11003,804,83,2,5,8,1.000),
(11004,301,100,2,5,8,1.250),
(11004,302,200,2,5,8,1.250),
(11004,303,200,2,5,8,1.250),
(11004,304,500,2,5,8,1.050),
(11004,401,200,2,5,8,1.150),
(11004,402,200,2,5,8,1.250),
(11004,403,100,2,5,8,1.250),
(11004,501,200,2,5,8,1.250),
(11004,502,500,2,5,8,1.250),
(11004,601,200,2,5,8,1.250),
(11004,701,500,0,10,10,1.250),
(11004,801,99,2,5,8,1.250),
(11004,802,94,2,5,8,1.250),
(11004,803,89,2,5,8,1.000),
(11004,804,84,2,5,8,1.000),
(11005,301,400,2,5,8,1.250),
(11005,302,400,2,5,8,1.250),
(11005,303,400,2,5,8,1.250),
(11005,304,400,2,5,8,1.050),
(11005,401,400,2,5,8,1.150),
(11005,402,400,2,5,8,1.250),
(11005,403,400,2,5,8,1.250),
(11005,501,400,2,5,8,1.250),
(11005,502,400,2,5,8,1.250),
(11005,601,400,2,5,8,1.250),
(11005,701,500,0,10,10,1.250),
(11005,801,87,2,5,8,1.000),
(11005,802,82,2,5,8,1.000),
(11005,803,77,2,5,8,1.000),
(11005,804,72,2,5,8,0.800),
(11006,301,100,2,5,8,1.250),
(11006,302,200,2,5,8,1.250),
(11006,303,200,2,5,8,1.250),
(11006,304,200,2,5,8,1.050),
(11006,401,100,2,5,8,1.150),
(11006,402,500,2,5,8,1.250),
(11006,403,200,2,5,8,1.250),
(11006,501,200,2,5,8,1.250),
(11006,502,500,2,5,8,1.250),
(11006,601,200,2,5,8,1.250),
(11006,701,500,0,10,10,1.250),
(11006,801,86,2,5,8,1.000),
(11006,802,81,2,5,8,1.000),
(11006,803,76,2,5,8,1.000),
(11006,804,71,2,5,8,0.800),
(11007,301,100,2,5,8,1.250),
(11007,302,100,2,5,8,1.250),
(11007,303,200,2,5,8,1.250),
(11007,304,200,2,5,8,1.050),
(11007,401,200,2,5,8,1.150),
(11007,402,200,2,5,8,1.250),
(11007,403,600,2,5,8,1.250),
(11007,501,200,2,5,8,1.250),
(11007,502,200,2,5,8,1.250),
(11007,601,500,2,5,8,1.250),
(11007,701,500,0,10,10,1.250),
(11007,801,88,2,5,8,1.000),
(11007,802,83,2,5,8,1.000),
(11007,803,78,2,5,8,1.000),
(11007,804,73,2,5,8,0.800),
(11008,301,200,2,5,8,1.250),
(11008,302,200,2,5,8,1.250),
(11008,303,500,2,5,8,1.250),
(11008,304,200,2,5,8,1.050),
(11008,401,500,2,5,8,1.150),
(11008,402,200,2,5,8,1.250),
(11008,403,200,2,5,8,1.250),
(11008,501,100,2,5,8,1.250),
(11008,502,100,2,5,8,1.250),
(11008,601,200,2,5,8,1.250),
(11008,701,500,0,10,10,1.250),
(11008,801,86,2,5,8,1.000),
(11008,802,81,2,5,8,1.000),
(11008,803,76,2,5,8,1.000),
(11008,804,71,2,5,8,0.800),
(11009,301,500,2,5,8,1.250),
(11009,302,200,2,5,8,1.250),
(11009,303,200,2,5,8,1.250),
(11009,304,500,2,5,8,1.050),
(11009,401,200,2,5,8,1.150),
(11009,402,100,2,5,8,1.250),
(11009,403,200,2,5,8,1.250),
(11009,501,200,2,5,8,1.250),
(11009,502,100,2,5,8,1.250),
(11009,601,200,2,5,8,1.250),
(11009,701,500,0,10,10,1.250),
(11009,801,86,2,5,8,1.000),
(11009,802,81,2,5,8,1.000),
(11009,803,76,2,5,8,1.000),
(11009,804,71,2,5,8,0.800),
(11010,301,200,2,5,8,1.250),
(11010,302,500,2,5,8,1.250),
(11010,303,100,2,5,8,1.250),
(11010,304,200,2,5,8,1.050),
(11010,401,100,2,5,8,1.150),
(11010,402,200,2,5,8,1.250),
(11010,403,500,2,5,8,1.250),
(11010,501,200,2,5,8,1.250),
(11010,502,200,2,5,8,1.250),
(11010,601,200,2,5,8,1.250),
(11010,701,500,0,10,10,1.250),
(11010,801,86,2,5,8,1.000),
(11010,802,81,2,5,8,1.000),
(11010,803,76,2,5,8,1.000),
(11010,804,71,2,5,8,0.800),
(11011,301,600,2,5,8,1.250),
(11011,302,200,2,5,8,1.250),
(11011,303,200,2,5,8,1.250),
(11011,304,200,2,5,8,1.050),
(11011,401,100,2,5,8,1.150),
(11011,402,200,2,5,8,1.250),
(11011,403,200,2,5,8,1.250),
(11011,501,100,2,5,8,1.250),
(11011,502,200,2,5,8,1.250),
(11011,601,500,2,5,8,1.250),
(11011,701,500,0,10,10,1.250),
(11011,801,76,2,5,8,1.000),
(11011,802,71,2,5,8,0.800),
(11011,803,66,2,5,8,0.800),
(11011,804,61,2,5,8,0.800),
(11012,301,200,2,5,8,1.250),
(11012,302,100,2,5,8,1.250),
(11012,303,200,2,5,8,1.250),
(11012,304,500,2,5,8,1.050),
(11012,401,500,2,5,8,1.150),
(11012,402,200,2,5,8,1.250),
(11012,403,200,2,5,8,1.250),
(11012,501,200,2,5,8,1.250),
(11012,502,200,2,5,8,1.250),
(11012,601,100,2,5,8,1.250),
(11012,701,500,0,10,10,1.250),
(11012,801,77,2,5,8,1.000),
(11012,802,72,2,5,8,0.800),
(11012,803,67,2,5,8,0.800),
(11012,804,62,2,5,8,0.800),
(11013,301,200,2,5,8,1.250),
(11013,302,500,2,5,8,1.250),
(11013,303,200,2,5,8,1.250),
(11013,304,100,2,5,8,1.050),
(11013,401,200,2,5,8,1.150),
(11013,402,500,2,5,8,1.250),
(11013,403,100,2,5,8,1.250),
(11013,501,200,2,5,8,1.250),
(11013,502,200,2,5,8,1.250),
(11013,601,200,2,5,8,1.250),
(11013,701,500,0,10,10,1.250),
(11013,801,78,2,5,8,1.000),
(11013,802,73,2,5,8,0.800),
(11013,803,68,2,5,8,0.800),
(11013,804,63,2,5,8,0.800),
(11014,301,100,2,5,8,1.250),
(11014,302,500,2,5,8,1.250),
(11014,303,200,2,5,8,1.250),
(11014,304,200,2,5,8,1.050),
(11014,401,100,2,5,8,1.150),
(11014,402,500,2,5,8,1.250),
(11014,403,200,2,5,8,1.250),
(11014,501,200,2,5,8,1.250),
(11014,502,200,2,5,8,1.250),
(11014,601,200,2,5,8,1.250),
(11014,701,500,0,10,10,1.250),
(11014,801,77,2,5,8,1.000),
(11014,802,72,2,5,8,0.800),
(11014,803,67,2,5,8,0.800),
(11014,804,62,2,5,8,0.800),
(11015,301,200,2,5,8,1.250),
(11015,302,200,2,5,8,1.250),
(11015,303,100,2,5,8,1.250),
(11015,304,200,2,5,8,1.050),
(11015,401,200,2,5,8,1.150),
(11015,402,200,2,5,8,1.250),
(11015,403,100,2,5,8,1.250),
(11015,501,500,2,5,8,1.250),
(11015,502,200,2,5,8,1.250),
(11015,601,500,2,5,8,1.250),
(11015,701,500,0,10,10,1.250),
(11015,801,78,2,5,8,1.000),
(11015,802,73,2,5,8,0.800),
(11015,803,68,2,5,8,0.800),
(11015,804,63,2,5,8,0.800),
(11016,301,1,2,5,8,0.800),
(11016,302,1,2,5,8,0.800),
(11016,303,1,2,5,8,0.800),
(11016,304,1,2,5,8,0.800),
(11016,401,1,2,5,8,0.800),
(11016,402,1,2,5,8,0.800),
(11016,403,1,2,5,8,0.800),
(11016,501,1,2,5,8,0.800),
(11016,502,1,2,5,8,0.800),
(11016,601,1,2,5,8,0.800),
(11016,701,1,0,10,10,0.800),
(11016,801,1,2,5,8,0.800),
(11016,802,1,2,5,8,0.800),
(11016,803,1,2,5,8,0.800),
(11016,804,1,2,5,8,0.800),
(11017,301,200,2,5,8,1.250),
(11017,302,100,2,5,8,1.250),
(11017,303,100,2,5,8,1.250),
(11017,304,500,2,5,8,1.050),
(11017,401,500,2,5,8,1.150),
(11017,402,100,2,5,8,1.250),
(11017,403,200,2,5,8,1.250),
(11017,501,200,2,5,8,1.250),
(11017,502,100,2,5,8,1.250),
(11017,601,200,2,5,8,1.250),
(11017,701,500,0,10,10,1.250),
(11017,801,82,2,5,8,1.000),
(11017,802,77,2,5,8,1.000),
(11017,803,72,2,5,8,0.800),
(11017,804,67,2,5,8,0.800),
(11018,301,200,2,5,8,1.250),
(11018,302,450,2,5,8,1.250),
(11018,303,450,2,5,8,1.250),
(11018,304,200,2,5,8,1.050),
(11018,401,200,2,5,8,1.150),
(11018,402,450,2,5,8,1.250),
(11018,403,450,2,5,8,1.250),
(11018,501,100,2,5,8,1.250),
(11018,502,100,2,5,8,1.250),
(11018,601,200,2,5,8,1.250),
(11018,701,500,0,10,10,1.250),
(11018,801,85,2,5,8,1.000),
(11018,802,80,2,5,8,1.000),
(11018,803,75,2,5,8,0.800),
(11018,804,70,2,5,8,0.800),
(11019,301,1,2,5,8,0.800),
(11019,302,1,2,5,8,0.800),
(11019,303,1,2,5,8,0.800),
(11019,304,1,2,5,8,0.800),
(11019,401,1,2,5,8,0.800),
(11019,402,1,2,5,8,0.800),
(11019,403,1,2,5,8,0.800),
(11019,501,1,2,5,8,0.800),
(11019,502,1,2,5,8,0.800),
(11019,601,1,2,5,8,0.800),
(11019,701,1,0,10,10,0.800),
(11019,801,1,2,5,8,0.800),
(11019,802,1,2,5,8,0.800),
(11019,803,1,2,5,8,0.800),
(11019,804,1,2,5,8,0.800),
(11020,301,600,2,5,8,1.250),
(11020,302,200,2,5,8,1.250),
(11020,303,100,2,5,8,1.250),
(11020,304,200,2,5,8,1.050),
(11020,401,200,2,5,8,1.150),
(11020,402,200,2,5,8,1.250),
(11020,403,200,2,5,8,1.250),
(11020,501,200,2,5,8,1.250),
(11020,502,500,2,5,8,1.250),
(11020,601,100,2,5,8,1.250),
(11020,701,500,0,10,10,1.250),
(11020,801,84,2,5,8,1.000),
(11020,802,79,2,5,8,1.000),
(11020,803,74,2,5,8,0.800),
(11020,804,69,2,5,8,0.800),
(11021,301,1,2,5,8,0.800),
(11021,302,1,2,5,8,0.800),
(11021,303,1,2,5,8,0.800),
(11021,304,1,2,5,8,0.800),
(11021,401,1,2,5,8,0.800),
(11021,402,1,2,5,8,0.800),
(11021,403,1,2,5,8,0.800),
(11021,501,1,2,5,8,0.800),
(11021,502,1,2,5,8,0.800),
(11021,601,1,2,5,8,0.800),
(11021,701,1,0,10,10,0.800),
(11021,801,1,2,5,8,0.800),
(11021,802,1,2,5,8,0.800),
(11021,803,1,2,5,8,0.800),
(11021,804,1,2,5,8,0.800),
(11022,301,200,2,5,8,1.250),
(11022,302,500,2,5,8,1.250),
(11022,303,200,2,5,8,1.250),
(11022,304,100,2,5,8,1.050),
(11022,401,200,2,5,8,1.150),
(11022,402,100,2,5,8,1.250),
(11022,403,200,2,5,8,1.250),
(11022,501,500,2,5,8,1.250),
(11022,502,200,2,5,8,1.250),
(11022,601,200,2,5,8,1.250),
(11022,701,500,0,10,10,1.250),
(11022,801,62,2,5,8,0.800),
(11022,802,57,2,5,8,0.800),
(11022,803,52,2,5,8,0.800),
(11022,804,47,2,5,8,0.800),
(11023,301,200,2,5,8,1.250),
(11023,302,200,2,5,8,1.250),
(11023,303,200,2,5,8,1.250),
(11023,304,200,2,5,8,1.050),
(11023,401,200,2,5,8,1.150),
(11023,402,500,2,5,8,1.250),
(11023,403,100,2,5,8,1.250),
(11023,501,200,2,5,8,1.250),
(11023,502,500,2,5,8,1.250),
(11023,601,100,2,5,8,1.250),
(11023,701,500,0,10,10,1.250),
(11023,801,57,2,5,8,0.800),
(11023,802,52,2,5,8,0.800),
(11023,803,47,2,5,8,0.800),
(11023,804,42,2,5,8,0.800),
(11024,301,500,2,5,8,1.250),
(11024,302,200,2,5,8,1.250),
(11024,303,500,2,5,8,1.250),
(11024,304,100,2,5,8,1.050),
(11024,401,200,2,5,8,1.150),
(11024,402,100,2,5,8,1.250),
(11024,403,200,2,5,8,1.250),
(11024,501,200,2,5,8,1.250),
(11024,502,200,2,5,8,1.250),
(11024,601,200,2,5,8,1.250),
(11024,701,500,0,10,10,1.250),
(11024,801,68,2,5,8,0.800),
(11024,802,63,2,5,8,0.800),
(11024,803,58,2,5,8,0.800),
(11024,804,53,2,5,8,0.800),
(11025,301,100,2,5,8,1.250),
(11025,302,100,2,5,8,1.250),
(11025,303,200,2,5,8,1.250),
(11025,304,200,2,5,8,1.050),
(11025,401,200,2,5,8,1.150),
(11025,402,200,2,5,8,1.250),
(11025,403,500,2,5,8,1.250),
(11025,501,200,2,5,8,1.250),
(11025,502,200,2,5,8,1.250),
(11025,601,500,2,5,8,1.250),
(11025,701,500,0,10,10,1.250),
(11025,801,43,2,5,8,0.800),
(11025,802,38,2,5,8,0.800),
(11025,803,33,2,5,8,0.800),
(11025,804,28,2,5,8,0.800),
(11026,301,1,2,5,8,0.800),
(11026,302,1,2,5,8,0.800),
(11026,303,1,2,5,8,0.800),
(11026,304,1,2,5,8,0.800),
(11026,401,1,2,5,8,0.800),
(11026,402,1,2,5,8,0.800),
(11026,403,1,2,5,8,0.800),
(11026,501,1,2,5,8,0.800),
(11026,502,1,2,5,8,0.800),
(11026,601,1,2,5,8,0.800),
(11026,701,1,0,10,10,0.800),
(11026,801,1,2,5,8,0.800),
(11026,802,1,2,5,8,0.800),
(11026,803,1,2,5,8,0.800),
(11026,804,1,2,5,8,0.800),
(11027,301,200,2,5,8,1.250),
(11027,302,200,2,5,8,1.250),
(11027,303,500,2,5,8,1.250),
(11027,304,200,2,5,8,1.050),
(11027,401,500,2,5,8,1.150),
(11027,402,200,2,5,8,1.250),
(11027,403,200,2,5,8,1.250),
(11027,501,100,2,5,8,1.250),
(11027,502,100,2,5,8,1.250),
(11027,601,100,2,5,8,1.250),
(11027,701,500,0,10,10,1.250),
(11027,801,44,2,5,8,0.800),
(11027,802,39,2,5,8,0.800),
(11027,803,34,2,5,8,0.800),
(11027,804,29,2,5,8,0.800),
(11028,301,500,2,5,8,1.250),
(11028,302,200,2,5,8,1.250),
(11028,303,200,2,5,8,1.250),
(11028,304,200,2,5,8,1.050),
(11028,401,500,2,5,8,1.150),
(11028,402,100,2,5,8,1.250),
(11028,403,100,2,5,8,1.250),
(11028,501,200,2,5,8,1.250),
(11028,502,200,2,5,8,1.250),
(11028,601,200,2,5,8,1.250),
(11028,701,500,0,10,10,1.250),
(11028,801,45,2,5,8,0.800),
(11028,802,40,2,5,8,0.800),
(11028,803,35,2,5,8,0.800),
(11028,804,30,2,5,8,0.800),
(11029,301,1,2,5,8,0.800),
(11029,302,1,2,5,8,0.800),
(11029,303,1,2,5,8,0.800),
(11029,304,1,2,5,8,0.800),
(11029,401,1,2,5,8,0.800),
(11029,402,1,2,5,8,0.800),
(11029,403,1,2,5,8,0.800),
(11029,501,1,2,5,8,0.800),
(11029,502,1,2,5,8,0.800),
(11029,601,1,2,5,8,0.800),
(11029,701,1,0,10,10,0.800),
(11029,801,1,2,5,8,0.800),
(11029,802,1,2,5,8,0.800),
(11029,803,1,2,5,8,0.800),
(11029,804,1,2,5,8,0.800),
(11030,301,1,2,5,8,0.800),
(11030,302,1,2,5,8,0.800),
(11030,303,1,2,5,8,0.800),
(11030,304,1,2,5,8,0.800),
(11030,401,1,2,5,8,0.800),
(11030,402,1,2,5,8,0.800),
(11030,403,1,2,5,8,0.800),
(11030,501,1,2,5,8,0.800),
(11030,502,1,2,5,8,0.800),
(11030,601,1,2,5,8,0.800),
(11030,701,1,0,10,10,0.800),
(11030,801,1,2,5,8,0.800),
(11030,802,1,2,5,8,0.800),
(11030,803,1,2,5,8,0.800),
(11030,804,1,2,5,8,0.800);
/*!40000 ALTER TABLE `config_manor_property` ENABLE KEYS */;
UNLOCK TABLES;

--
-- Table structure for table `config_mine_event`
--

DROP TABLE IF EXISTS `config_mine_event`;
/*!40101 SET @saved_cs_client     = @@character_set_client */;
/*!40101 SET character_set_client = utf8 */;
CREATE TABLE `config_mine_event` (
  `gid` int(11) DEFAULT NULL,
  `line` int(11) DEFAULT NULL,
  `event_type` int(11) DEFAULT NULL,
  `condition_num1` int(11) DEFAULT NULL,
  `condition_num2` int(11) DEFAULT NULL,
  `condition_num3` int(11) DEFAULT NULL,
  `event_tittle` varchar(255) DEFAULT NULL,
  `event_rate` int(11) DEFAULT NULL,
  `event_max` int(11) DEFAULT NULL,
  `reward_type1` int(11) DEFAULT NULL,
  `reward_id1` int(11) DEFAULT NULL,
  `reward_min1` int(11) DEFAULT NULL,
  `reward_max1` int(11) DEFAULT NULL,
  `weight1` int(11) DEFAULT NULL,
  `reward_type2` int(11) DEFAULT NULL,
  `reward_id2` int(11) DEFAULT NULL,
  `reward_min2` int(11) DEFAULT NULL,
  `reward_max2` int(11) DEFAULT NULL,
  `weight2` int(11) DEFAULT NULL
) ENGINE=InnoDB DEFAULT CHARSET=utf8;
/*!40101 SET character_set_client = @saved_cs_client */;

--
-- Dumping data for table `config_mine_event`
--

LOCK TABLES `config_mine_event` WRITE;
/*!40000 ALTER TABLE `config_mine_event` DISABLE KEYS */;
INSERT INTO `config_mine_event` VALUES (1,11,1,100,999999,999999,'%s',50,3,41,71001,1,3,6,41,71002,1,3,4),
(2,11,1,100,999999,999999,'%s',10,3,41,71002,1,3,6,41,71003,1,3,4),
(3,11,1,100,999999,999999,'%s',10,3,41,71003,1,3,6,41,71004,1,3,4),
(4,11,1,200,999999,999999,'%s',10,3,41,71004,1,3,6,41,71005,1,3,4),
(5,11,1,200,999999,999999,'%s',10,3,41,71001,1,3,6,41,71002,1,3,4),
(6,12,1,100,999999,999999,'%s',50,3,41,71002,1,3,6,41,71003,1,3,4),
(7,12,1,100,999999,999999,'%s',10,3,41,71003,1,3,6,41,71004,1,3,4),
(8,12,1,100,999999,999999,'%s',10,3,41,71004,1,3,6,41,71005,1,3,4),
(9,12,1,200,999999,999999,'%s',10,3,41,71001,1,3,6,41,71002,1,3,4),
(10,12,1,200,999999,999999,'%s',10,3,41,71002,1,3,6,41,71003,1,3,4),
(11,13,1,100,999999,999999,'%s',50,3,41,71003,1,3,6,41,71004,1,3,4),
(12,13,1,100,999999,999999,'%s',10,3,41,71004,1,3,6,41,71005,1,3,4),
(13,13,1,100,999999,999999,'%s',10,3,41,71001,1,3,6,41,71002,1,3,4),
(14,13,1,200,999999,999999,'%s',10,3,41,71002,1,3,6,41,71003,1,3,4),
(15,13,1,200,999999,999999,'%s',10,3,41,71003,1,3,6,41,71004,1,3,4),
(16,14,1,100,999999,999999,'%s',50,3,41,71004,1,3,6,41,71005,1,3,4),
(17,14,1,100,999999,999999,'%s',10,3,41,71001,1,3,6,41,71002,1,3,4),
(18,14,1,100,999999,999999,'%s',10,3,41,71002,1,3,6,41,71003,1,3,4),
(19,14,1,200,999999,999999,'%s',10,3,41,71003,1,3,6,41,71004,1,3,4),
(20,14,1,200,999999,999999,'%s',10,3,41,71004,1,3,6,41,71005,1,3,4),
(21,31,1,1,0,0,'%s',5,5,41,90002,88,88,8,41,90002,100,100,4),
(22,31,1,1,0,0,'%s',5,5,41,90002,88,88,8,41,90002,100,100,4),
(23,31,1,1,0,0,'%s',5,5,41,90002,88,88,8,41,90002,100,100,4),
(24,31,1,1,0,0,'%s',5,5,41,90002,88,88,8,41,90002,100,100,4),
(25,31,1,1,0,0,'%s',5,5,41,90002,88,88,8,41,90002,100,100,4),
(26,31,1,1,0,0,'%s',5,5,41,90002,88,88,8,41,90002,100,100,4),
(27,31,1,1,0,0,'%s',5,5,41,90002,88,88,8,41,90002,100,100,4),
(28,31,1,1,0,0,'%s',5,5,41,90002,88,88,8,41,90002,100,100,4),
(29,31,1,1,0,0,'%s',5,5,41,90002,88,88,8,41,90002,100,100,4),
(30,31,1,1,0,0,'%s',5,5,41,90002,88,88,8,41,90002,100,100,4),
(31,31,1,1,0,0,'%s',5,5,41,90002,88,88,8,41,90002,100,100,4),
(32,31,1,1,0,0,'%s',5,5,41,90002,88,88,8,41,90002,100,100,4),
(33,31,1,1,0,0,'%s',5,5,41,90002,88,88,8,41,90002,100,100,4),
(34,31,1,1,0,0,'%s',5,5,41,90002,88,88,8,41,90002,100,100,4),
(35,31,1,1,0,0,'%s',5,5,41,90002,88,88,8,41,90002,100,100,4),
(36,31,1,1,0,0,'%s',5,5,41,90002,88,88,8,41,90002,100,100,4),
(37,31,1,1,0,0,'%s',5,5,41,90002,88,88,8,41,90002,100,100,4),
(38,31,1,1,0,0,'%s',5,5,41,90002,88,88,8,41,90002,100,100,4),
(39,31,1,1,0,0,'%s',5,5,41,90002,88,88,8,41,90002,100,100,4),
(40,31,1,1,0,0,'%s',5,5,41,90002,88,88,8,41,90002,100,100,4),
(41,31,1,1,0,0,'%s',5,5,41,90002,88,88,8,41,90002,100,100,4),
(42,31,1,1,0,0,'%s',5,5,41,90002,88,88,8,41,90002,100,100,4),
(43,3,1,1,0,0,'%s',15,3,41,50005,1,2,8,41,50003,1,2,4),
(44,3,1,1,0,0,'%s',15,3,41,50005,1,2,8,41,50003,1,2,4),
(45,3,1,1,0,0,'%s',15,3,41,50005,1,2,8,41,50003,1,2,4),
(46,3,1,1,0,0,'%s',15,3,41,50005,1,2,8,41,50003,1,2,4),
(47,4,1,1,0,0,'%s',15,3,41,50005,1,2,8,41,50003,1,2,4),
(48,4,1,1,0,0,'%s',15,3,41,50005,1,2,8,41,50003,1,2,4),
(49,4,1,1,0,0,'%s',15,3,41,50005,1,2,8,41,50003,1,2,4),
(50,11,2,0,0,0,'%s',50,10,41,50005,1,3,8,41,50003,1,3,4),
(51,11,2,0,0,0,'%s',10,10,41,53003,1,3,8,41,54001,1,3,4),
(52,11,2,0,0,0,'%s',10,10,41,53004,1,3,8,41,54004,1,3,4),
(53,11,2,0,0,0,'%s',10,10,41,71001,1,3,8,41,71002,1,3,4),
(54,11,2,0,0,0,'%s',10,10,41,85001,3,5,8,41,85002,1,2,4),
(55,12,2,0,0,0,'%s',50,10,41,50005,1,3,8,41,50003,1,3,4),
(56,12,2,0,0,0,'%s',10,10,41,53003,1,3,8,41,54001,1,3,4),
(57,12,2,0,0,0,'%s',10,10,41,53004,1,3,8,41,54004,1,3,4),
(58,12,2,0,0,0,'%s',10,10,41,71001,1,3,8,41,71002,1,3,4),
(59,12,2,0,0,0,'%s',10,10,41,85001,3,5,8,41,85002,1,2,4),
(60,13,2,0,0,0,'%s',50,10,41,50005,1,3,8,41,50003,1,3,4),
(61,13,2,0,0,0,'%s',10,10,41,53003,1,3,8,41,54001,1,3,4),
(62,13,2,0,0,0,'%s',10,10,41,53004,1,3,8,41,54004,1,3,4),
(63,13,2,0,0,0,'%s',10,10,41,71001,1,3,8,41,71002,1,3,4),
(64,13,2,0,0,0,'%s',10,10,41,85001,3,5,8,41,85002,1,2,4),
(65,14,2,0,0,0,'%s',50,10,41,50005,1,3,8,41,50003,1,3,4),
(66,14,2,0,0,0,'%s',10,10,41,53003,1,3,8,41,54001,1,3,4),
(67,14,2,0,0,0,'%s',10,10,41,53004,1,3,8,41,54004,1,3,4),
(68,14,2,0,0,0,'%s',10,10,41,71001,1,3,8,41,71002,1,3,4),
(69,14,2,0,0,0,'%s',10,10,41,85001,3,5,8,41,85002,1,2,4);
/*!40000 ALTER TABLE `config_mine_event` ENABLE KEYS */;
UNLOCK TABLES;

--
-- Table structure for table `config_shop_event`
--

DROP TABLE IF EXISTS `config_shop_event`;
/*!40101 SET @saved_cs_client     = @@character_set_client */;
/*!40101 SET character_set_client = utf8 */;
CREATE TABLE `config_shop_event` (
  `gid` int(11) DEFAULT NULL,
  `line` int(11) DEFAULT NULL,
  `event_type` int(11) DEFAULT NULL,
  `rate` int(11) DEFAULT NULL,
  `event_rate` int(11) DEFAULT NULL,
  `increase_percent` int(11) DEFAULT NULL,
  `last_time` int(11) DEFAULT NULL,
  `cd_time` int(11) DEFAULT NULL,
  `add_percent` int(11) DEFAULT NULL,
  `add_begin_time` timestamp NULL DEFAULT NULL,
  `add_end_time` timestamp NULL DEFAULT NULL,
  `des` varchar(255) DEFAULT NULL
) ENGINE=InnoDB DEFAULT CHARSET=utf8;
/*!40101 SET character_set_client = @saved_cs_client */;

--
-- Dumping data for table `config_shop_event`
--

LOCK TABLES `config_shop_event` WRITE;
/*!40000 ALTER TABLE `config_shop_event` DISABLE KEYS */;
INSERT INTO `config_shop_event` VALUES (1031001,31,2,50,80,5000,28800,10800,10000,'2016-05-23 03:00:00','2025-05-25 03:00:00','%s%s%s'),
(1031002,31,2,50,20,5000,28800,10800,10000,'2016-05-23 03:00:00','2025-05-25 03:00:00','%s%s%s'),
(1031003,31,2,50,20,5000,28800,10800,10000,'2016-05-23 03:00:00','2025-05-25 03:00:00','%s%s%s'),
(1031004,31,2,50,20,5000,28800,10800,10000,'2016-05-23 03:00:00','2025-05-25 03:00:00','%s%s%s'),
(1031005,31,2,50,20,10000,28800,10800,20000,'2016-05-23 03:00:00','2025-05-25 03:00:00','%s%s%s'),
(1031006,31,2,50,20,10000,28800,10800,20000,'2016-05-23 03:00:00','2025-05-25 03:00:00','%s%s%s'),
(1031007,31,2,60,20,2000,28800,10800,4000,'2016-05-23 03:00:00','2025-05-25 03:00:00','%s%s%s'),
(1031008,31,2,60,20,2000,28800,10800,4000,'2016-05-23 03:00:00','2025-05-25 03:00:00','%s%s%s'),
(1031009,31,2,60,20,2000,28800,10800,4000,'2016-05-23 03:00:00','2025-05-25 03:00:00','%s%s%s'),
(1031010,31,2,60,20,2000,28800,10800,4000,'2016-05-23 03:00:00','2025-05-25 03:00:00','%s%s%s'),
(1031011,31,2,60,20,2000,28800,10800,4000,'2016-05-23 03:00:00','2025-05-25 03:00:00','%s%s%s'),
(1031012,31,2,70,20,2500,28800,10800,5000,'2016-05-23 03:00:00','2025-05-25 03:00:00','%s%s%s'),
(1031013,31,2,70,20,2500,28800,10800,5000,'2016-05-23 03:00:00','2025-05-25 03:00:00','%s%s%s'),
(1031014,31,2,70,20,2500,28800,10800,5000,'2016-05-23 03:00:00','2025-05-25 03:00:00','%s%s%s'),
(1031015,31,2,70,20,2500,28800,10800,5000,'2016-05-23 03:00:00','2025-05-25 03:00:00','%s%s%s'),
(1031016,31,2,70,20,2500,28800,10800,5000,'2016-05-23 03:00:00','2025-05-25 03:00:00','%s%s%s'),
(1031017,31,2,80,20,20000,28800,10800,40000,'2016-05-23 03:00:00','2025-05-25 03:00:00','%s%s%s'),
(1031018,31,2,80,20,20000,28800,10800,40000,'2016-05-23 03:00:00','2025-05-25 03:00:00','%s%s%s'),
(1031019,31,2,80,20,20000,28800,10800,40000,'2016-05-23 03:00:00','2025-05-25 03:00:00','%s%s%s'),
(1031020,31,2,80,20,20000,28800,10800,40000,'2016-05-23 03:00:00','2025-05-25 03:00:00','%s%s%s'),
(1031021,31,2,80,20,20000,28800,10800,40000,'2016-05-23 03:00:00','2025-05-25 03:00:00','%s%s%s'),
(1031022,31,2,80,20,20000,28800,10800,40000,'2016-05-23 03:00:00','2025-05-25 03:00:00','%s%s%s'),
(1031001,31,1,100,100,5000,28800,10800,10000,'2016-05-23 03:00:00','2025-05-25 03:00:00','%s%s%s'),
(1031002,31,1,100,50,5000,28800,10800,10000,'2016-05-23 03:00:00','2025-05-25 03:00:00','%s%s%s'),
(1031003,31,1,100,50,5000,28800,10800,10000,'2016-05-23 03:00:00','2025-05-25 03:00:00','%s%s%s'),
(1031004,31,1,100,50,5000,28800,10800,10000,'2016-05-23 03:00:00','2025-05-25 03:00:00','%s%s%s'),
(1031005,31,1,100,50,10000,28800,10800,20000,'2016-05-23 03:00:00','2025-05-25 03:00:00','%s%s%s'),
(1031006,31,1,100,50,10000,28800,10800,20000,'2016-05-23 03:00:00','2025-05-25 03:00:00','%s%s%s'),
(1031007,31,1,100,50,2000,28800,10800,4000,'2016-05-23 03:00:00','2025-05-25 03:00:00','%s%s%s'),
(1031008,31,1,100,50,2000,28800,10800,4000,'2016-05-23 03:00:00','2025-05-25 03:00:00','%s%s%s'),
(1031009,31,1,100,50,2000,28800,10800,4000,'2016-05-23 03:00:00','2025-05-25 03:00:00','%s%s%s'),
(1031010,31,1,100,50,2000,28800,10800,4000,'2016-05-23 03:00:00','2025-05-25 03:00:00','%s%s%s'),
(1031011,31,1,100,50,2000,28800,10800,4000,'2016-05-23 03:00:00','2025-05-25 03:00:00','%s%s%s'),
(1031012,31,1,100,50,2500,28800,10800,5000,'2016-05-23 03:00:00','2025-05-25 03:00:00','%s%s%s'),
(1031013,31,1,100,50,2500,28800,10800,5000,'2016-05-23 03:00:00','2025-05-25 03:00:00','%s%s%s'),
(1031014,31,1,100,50,2500,28800,10800,5000,'2016-05-23 03:00:00','2025-05-25 03:00:00','%s%s%s'),
(1031015,31,1,100,50,2500,28800,10800,5000,'2016-05-23 03:00:00','2025-05-25 03:00:00','%s%s%s'),
(1031016,31,1,100,50,2500,28800,10800,5000,'2016-05-23 03:00:00','2025-05-25 03:00:00','%s%s%s'),
(1031017,31,1,100,50,20000,28800,10800,40000,'2016-05-23 03:00:00','2025-05-25 03:00:00','%s%s%s'),
(1031018,31,1,100,50,20000,28800,10800,40000,'2016-05-23 03:00:00','2025-05-25 03:00:00','%s%s%s'),
(1031019,31,1,100,50,20000,28800,10800,40000,'2016-05-23 03:00:00','2025-05-25 03:00:00','%s%s%s'),
(1031020,31,1,100,50,20000,28800,10800,40000,'2016-05-23 03:00:00','2025-05-25 03:00:00','%s%s%s'),
(1031021,31,1,100,50,20000,28800,10800,40000,'2016-05-23 03:00:00','2025-05-25 03:00:00','%s%s%s'),
(1031022,31,1,100,50,20000,28800,10800,40000,'2016-05-23 03:00:00','2025-05-25 03:00:00','%s%s%s'),
(1002001,2,2,50,20,10000,28800,10800,20000,'2016-05-23 03:00:00','2025-05-25 03:00:00','%s%s%s'),
(1002002,2,2,50,20,10000,28800,10800,20000,'2016-05-23 03:00:00','2025-05-25 03:00:00','%s%s%s'),
(1002003,2,2,50,20,10000,28800,10800,20000,'2016-05-23 03:00:00','2025-05-25 03:00:00','%s%s%s'),
(1002004,2,2,50,20,10000,28800,10800,20000,'2016-05-23 03:00:00','2025-05-25 03:00:00','%s%s%s'),
(1002005,2,2,50,20,10000,28800,10800,20000,'2016-05-23 03:00:00','2025-05-25 03:00:00','%s%s%s'),
(1002006,2,2,50,20,10000,28800,10800,20000,'2016-05-23 03:00:00','2025-05-25 03:00:00','%s%s%s');
/*!40000 ALTER TABLE `config_shop_event` ENABLE KEYS */;
UNLOCK TABLES;

--
-- Table structure for table `config_pub_event`
--

DROP TABLE IF EXISTS `config_pub_event`;
/*!40101 SET @saved_cs_client     = @@character_set_client */;
/*!40101 SET character_set_client = utf8 */;
CREATE TABLE `config_pub_event` (
  `gid` int(11) DEFAULT NULL,
  `role_id` int(11) DEFAULT NULL,
  `event_pool1` int(11) DEFAULT NULL,
  `event_rate1` int(11) DEFAULT NULL,
  `event_pool2` int(11) DEFAULT NULL,
  `event_rate2` int(11) DEFAULT NULL
) ENGINE=InnoDB DEFAULT CHARSET=utf8;
/*!40101 SET character_set_client = @saved_cs_client */;

--
-- Dumping data for table `config_pub_event`
--

LOCK TABLES `config_pub_event` WRITE;
/*!40000 ALTER TABLE `config_pub_event` DISABLE KEYS */;
INSERT INTO `config_pub_event` VALUES (1,11000,1001,40,1002,40),
(2,11001,1001,40,1002,40),
(3,11002,1001,40,1002,40),
(4,11003,1001,40,1002,40),
(5,11004,1001,40,1002,40),
(6,11005,1002,40,1003,40),
(7,11006,1002,40,1003,40),
(8,11007,1002,40,1003,40),
(9,11008,1002,40,1003,40),
(10,11009,1002,40,1003,40),
(11,11010,1002,40,1003,40),
(12,11011,1003,40,1004,40),
(13,11012,1003,40,1004,40),
(14,11013,1003,40,1004,40),
(15,11014,1003,40,1004,40),
(16,11015,1003,40,1004,40),
(17,11017,1004,40,1005,40),
(18,11018,1004,40,1005,40),
(19,11020,1004,40,1005,40),
(20,11022,1004,40,1005,40),
(21,11023,1004,40,1005,40),
(22,11024,1005,40,1006,40),
(23,11025,1005,40,1006,40),
(24,11027,1005,40,1006,40),
(25,11028,1005,40,1006,40);
/*!40000 ALTER TABLE `config_pub_event` ENABLE KEYS */;
UNLOCK TABLES;

--
-- Table structure for table `config_pub_event_pool`
--

DROP TABLE IF EXISTS `config_pub_event_pool`;
/*!40101 SET @saved_cs_client     = @@character_set_client */;
/*!40101 SET character_set_client = utf8 */;
CREATE TABLE `config_pub_event_pool` (
  `gid` int(11) DEFAULT NULL,
  `event_pool1` int(11) DEFAULT NULL,
  `event_id` int(11) DEFAULT NULL,
  `event_time` int(11) DEFAULT NULL,
  `effect_type1` int(11) DEFAULT NULL,
  `effect_id1` int(11) DEFAULT NULL,
  `effect_num_min1` int(11) DEFAULT NULL,
  `effect_num_max1` int(11) DEFAULT NULL,
  `effect_type2` int(11) DEFAULT NULL,
  `effect_id2` int(11) DEFAULT NULL,
  `effect_num_min2` int(11) DEFAULT NULL,
  `effect_num_max2` int(11) DEFAULT NULL,
  `effect_type3` int(11) DEFAULT NULL,
  `effect_id3` int(11) DEFAULT NULL,
  `effect_num_min3` int(11) DEFAULT NULL,
  `effect_num_max3` int(11) DEFAULT NULL,
  `event_des` char(255) DEFAULT NULL
) ENGINE=InnoDB DEFAULT CHARSET=utf8;
/*!40101 SET character_set_client = @saved_cs_client */;

--
-- Dumping data for table `config_pub_event_pool`
--

LOCK TABLES `config_pub_event_pool` WRITE;
/*!40000 ALTER TABLE `config_pub_event_pool` DISABLE KEYS */;
INSERT INTO `config_pub_event_pool` VALUES (1,1001,1,30,0,0,0,0,41,71001,1,2,0,0,0,0,'%s%s'),
(2,1001,2,300,110,110,10,12,0,0,0,0,0,0,0,0,'%s%s'),
(3,1001,3,45,0,0,0,0,0,0,0,0,41,71002,1,2,'%s%s'),
(4,1001,4,15,110,110,10,12,0,0,0,0,0,0,0,0,'%s%s'),
(5,1001,5,90,0,0,0,0,41,71001,1,2,0,0,0,0,'%s%s'),
(6,1002,1,30,110,110,10,12,0,0,0,0,0,0,0,2,'%s%s'),
(7,1002,2,300,0,0,0,0,0,0,0,0,41,71002,1,0,'%s%s'),
(8,1002,3,45,110,110,10,12,0,0,0,0,0,0,0,0,'%s%s'),
(9,1002,4,15,0,0,0,0,41,71001,1,2,0,0,0,2,'%s%s'),
(10,1002,5,90,110,110,10,12,0,0,0,0,0,0,0,0,'%s%s'),
(11,1003,1,30,0,0,0,0,0,0,0,0,41,71002,1,0,'%s%s'),
(12,1003,2,300,110,110,10,12,0,0,0,0,0,0,0,2,'%s%s'),
(13,1003,3,45,0,0,0,0,41,71001,1,2,0,0,0,0,'%s%s'),
(14,1003,4,15,110,110,10,12,0,0,0,0,0,0,0,0,'%s%s'),
(15,1003,5,90,0,0,0,0,0,0,0,0,41,71002,1,2,'%s%s'),
(16,1004,1,30,110,110,10,12,0,0,0,0,0,0,0,0,'%s%s'),
(17,1004,2,300,0,0,0,0,41,71001,1,2,0,0,0,0,'%s%s'),
(18,1004,3,45,110,110,10,12,0,0,0,0,0,0,0,2,'%s%s'),
(19,1004,4,15,0,0,0,0,0,0,0,0,41,71002,1,0,'%s%s'),
(20,1004,5,90,110,110,10,12,0,0,0,0,0,0,0,0,'%s%s'),
(21,1005,1,30,0,0,0,0,41,71001,1,2,0,0,0,2,'%s%s'),
(22,1005,2,300,110,110,10,12,0,0,0,0,0,0,0,0,'%s%s'),
(23,1005,3,45,0,0,0,0,0,0,0,0,41,71002,1,0,'%s%s'),
(24,1005,4,15,110,110,10,12,0,0,0,0,0,0,0,2,'%s%s'),
(25,1005,5,90,0,0,0,0,41,71001,1,2,0,0,0,0,'%s%s');
/*!40000 ALTER TABLE `config_pub_event_pool` ENABLE KEYS */;
UNLOCK TABLES;

--
-- Table structure for table `sweepstakepoolconfig`
--

DROP TABLE IF EXISTS `sweepstakepoolconfig`;
/*!40101 SET @saved_cs_client     = @@character_set_client */;
/*!40101 SET character_set_client = utf8 */;
CREATE TABLE `sweepstakepoolconfig` (
  `id` int(11) NOT NULL,
  `pool_type` int(11) NOT NULL,
  `max_draw_count` int(11) NOT NULL,
  `duration` bigint(20) NOT NULL,
  PRIMARY KEY (`id`,`pool_type`)
) ENGINE=InnoDB DEFAULT CHARSET=latin1;
/*!40101 SET character_set_client = @saved_cs_client */;

--
-- Dumping data for table `sweepstakepoolconfig`
--

LOCK TABLES `sweepstakepoolconfig` WRITE;
/*!40000 ALTER TABLE `sweepstakepoolconfig` DISABLE KEYS */;
INSERT INTO `sweepstakepoolconfig` VALUES (2,2,3,7200),
(2,3,10,7200),
(2,4,4,7200),
(2,5,5,7200),
(2,6,7,7200),
(2,7,7,7200),
(2,8,9,7200),
(2,9,10,7200),
(2,10,13,7200);
/*!40000 ALTER TABLE `sweepstakepoolconfig` ENABLE KEYS */;
UNLOCK TABLES;

--
-- Table structure for table `config_manor_level_up`
--

DROP TABLE IF EXISTS `config_manor_level_up`;
/*!40101 SET @saved_cs_client     = @@character_set_client */;
/*!40101 SET character_set_client = utf8 */;
CREATE TABLE `config_manor_level_up` (
  `line` int(11) DEFAULT NULL,
  `line_level` int(11) DEFAULT NULL,
  `consume_item1_type` int(11) DEFAULT NULL,
  `consume_item1_id` int(11) DEFAULT NULL,
  `consume_item1_value` int(11) DEFAULT NULL
) ENGINE=InnoDB DEFAULT CHARSET=latin1;
/*!40101 SET character_set_client = @saved_cs_client */;

--
-- Dumping data for table `config_manor_level_up`
--

LOCK TABLES `config_manor_level_up` WRITE;
/*!40000 ALTER TABLE `config_manor_level_up` DISABLE KEYS */;
/*!40000 ALTER TABLE `config_manor_level_up` ENABLE KEYS */;
UNLOCK TABLES;
/*!40103 SET TIME_ZONE=@OLD_TIME_ZONE */;

/*!40101 SET SQL_MODE=@OLD_SQL_MODE */;
/*!40014 SET FOREIGN_KEY_CHECKS=@OLD_FOREIGN_KEY_CHECKS */;
/*!40014 SET UNIQUE_CHECKS=@OLD_UNIQUE_CHECKS */;
/*!40101 SET CHARACTER_SET_CLIENT=@OLD_CHARACTER_SET_CLIENT */;
/*!40101 SET CHARACTER_SET_RESULTS=@OLD_CHARACTER_SET_RESULTS */;
/*!40101 SET COLLATION_CONNECTION=@OLD_COLLATION_CONNECTION */;
/*!40111 SET SQL_NOTES=@OLD_SQL_NOTES */;

-- Dump completed on 2017-08-11 14:07:58
